,0,1,2,3,4,5,6,7,8,9,10,11,12,13,14
0,471.0,1129.0,1130.0,294.0,,,,,,,,,,,
1,676.0,5.0,1131.0,1132.0,7.0,472.0,1133.0,1134.0,,,,,,,
2,1135.0,241.0,1136.0,1137.0,,,,,,,,,,,
3,80.0,677.0,,,,,,,,,,,,,
4,149.0,7.0,352.0,1138.0,,,,,,,,,,,
5,676.0,5.0,678.0,473.0,679.0,1139.0,,,,,,,,,
6,353.0,295.0,1140.0,1141.0,,,,,,,,,,,
7,80.0,1142.0,680.0,,,,,,,,,,,,
8,1143.0,1144.0,681.0,62.0,,,,,,,,,,,
9,1145.0,63.0,,,,,,,,,,,,,
10,1146.0,1147.0,6.0,122.0,474.0,,,,,,,,,,
11,242.0,70.0,1148.0,296.0,,,,,,,,,,,
12,1149.0,1150.0,1151.0,11.0,150.0,,,,,,,,,,
13,11.0,475.0,24.0,,,,,,,,,,,,
14,682.0,71.0,476.0,,,,,,,,,,,,
15,354.0,57.0,683.0,,,,,,,,,,,,
16,2.0,1152.0,477.0,684.0,297.0,,,,,,,,,,
17,2.0,1153.0,,,,,,,,,,,,,
18,1154.0,1155.0,,,,,,,,,,,,,
19,131.0,355.0,1156.0,211.0,,,,,,,,,,,
20,685.0,6.0,1157.0,1158.0,,,,,,,,,,,
21,1159.0,29.0,1160.0,356.0,19.0,,,,,,,,,,
22,10.0,1161.0,84.0,,,,,,,,,,,,
23,298.0,40.0,357.0,25.0,,,,,,,,,,,
24,1162.0,80.0,1163.0,,,,,,,,,,,,
25,478.0,5.0,,,,,,,,,,,,,
26,1164.0,1165.0,686.0,479.0,,,,,,,,,,,
27,7.0,81.0,1166.0,1167.0,6.0,,,,,,,,,,
28,682.0,71.0,476.0,354.0,57.0,683.0,,,,,,,,,
29,1168.0,16.0,,,,,,,,,,,,,
30,1169.0,52.0,110.0,43.0,,,,,,,,,,,
31,1170.0,478.0,1171.0,1172.0,62.0,,,,,,,,,,
32,480.0,132.0,1173.0,103.0,,,,,,,,,,,
33,2.0,358.0,15.0,1174.0,,,,,,,,,,,
34,9.0,62.0,34.0,16.0,1175.0,,,,,,,,,,
35,243.0,299.0,24.0,1.0,11.0,52.0,,,,,,,,,
36,481.0,357.0,244.0,18.0,,,,,,,,,,,
37,2.0,1.0,687.0,94.0,688.0,,,,,,,,,,
38,36.0,16.0,15.0,1176.0,,,,,,,,,,,
39,1177.0,359.0,482.0,1178.0,11.0,3.0,,,,,,,,,
40,1.0,64.0,1179.0,,,,,,,,,,,,
41,1.0,245.0,245.0,300.0,,,,,,,,,,,
42,1180.0,12.0,301.0,1181.0,,,,,,,,,,,
43,49.0,212.0,23.0,1.0,151.0,11.0,352.0,,,,,,,,
44,12.0,52.0,680.0,1182.0,,,,,,,,,,,
45,50.0,689.0,,,,,,,,,,,,,
46,690.0,1183.0,58.0,246.0,,,,,,,,,,,
47,131.0,133.0,360.0,361.0,,,,,,,,,,,
48,20.0,483.0,12.0,49.0,213.0,,,,,,,,,,
49,12.0,244.0,10.0,94.0,1184.0,,,,,,,,,,
50,362.0,1185.0,2.0,,,,,,,,,,,,
51,484.0,104.0,691.0,1186.0,214.0,,,,,,,,,,
52,2.0,111.0,,,,,,,,,,,,,
53,131.0,133.0,360.0,361.0,20.0,483.0,,,,,,,,,
54,12.0,49.0,213.0,,,,,,,,,,,,
55,36.0,165.0,10.0,1187.0,,,,,,,,,,,
56,692.0,10.0,215.0,10.0,9.0,3.0,8.0,,,,,,,,
57,60.0,1188.0,245.0,485.0,,,,,,,,,,,
58,693.0,363.0,1189.0,,,,,,,,,,,,
59,359.0,53.0,23.0,76.0,29.0,11.0,694.0,,,,,,,,
60,9.0,3.0,6.0,,,,,,,,,,,,
61,112.0,302.0,486.0,,,,,,,,,,,,
62,2.0,23.0,1.0,52.0,134.0,,,,,,,,,,
63,65.0,45.0,364.0,1.0,31.0,1190.0,,,,,,,,,
64,44.0,49.0,213.0,,,,,,,,,,,,
65,6.0,695.0,303.0,,,,,,,,,,,,
66,135.0,5.0,1191.0,,,,,,,,,,,,
67,7.0,9.0,60.0,,,,,,,,,,,,
68,696.0,1192.0,304.0,37.0,,,,,,,,,,,
69,1193.0,1194.0,38.0,,,,,,,,,,,,
70,697.0,72.0,,,,,,,,,,,,,
71,10.0,1195.0,1196.0,,,,,,,,,,,,
72,2.0,32.0,1197.0,,,,,,,,,,,,
73,67.0,4.0,1198.0,,,,,,,,,,,,
74,11.0,247.0,487.0,166.0,,,,,,,,,,,
75,27.0,488.0,698.0,365.0,,,,,,,,,,,
76,305.0,5.0,27.0,488.0,698.0,365.0,,,,,,,,,
77,1199.0,123.0,54.0,,,,,,,,,,,,
78,306.0,1200.0,,,,,,,,,,,,,
79,6.0,695.0,303.0,85.0,5.0,,,,,,,,,,
80,4.0,9.0,489.0,699.0,,,,,,,,,,,
81,2.0,27.0,1201.0,,,,,,,,,,,,
82,490.0,95.0,700.0,,,,,,,,,,,,
83,180.0,487.0,166.0,,,,,,,,,,,,
84,701.0,248.0,1202.0,365.0,,,,,,,,,,,
85,1203.0,124.0,701.0,307.0,488.0,702.0,365.0,,,,,,,,
86,1204.0,703.0,491.0,1205.0,11.0,,,,,,,,,,
87,17.0,1206.0,1207.0,8.0,,,,,,,,,,,
88,181.0,182.0,136.0,,,,,,,,,,,,
89,1208.0,1209.0,484.0,1.0,,,,,,,,,,,
90,492.0,183.0,184.0,366.0,,,,,,,,,,,
91,32.0,10.0,704.0,,,,,,,,,,,,
92,705.0,,,,,,,,,,,,,,
93,96.0,1210.0,,,,,,,,,,,,,
94,41.0,152.0,185.0,1211.0,,,,,,,,,,,
95,1.0,32.0,367.0,368.0,59.0,,,,,,,,,,
96,10.0,249.0,25.0,1.0,1212.0,8.0,,,,,,,,,
97,1213.0,493.0,494.0,,,,,,,,,,,,
98,7.0,1.0,32.0,167.0,,,,,,,,,,,
99,706.0,46.0,,,,,,,,,,,,,
100,1214.0,707.0,38.0,,,,,,,,,,,,
101,216.0,1215.0,71.0,1216.0,,,,,,,,,,,
102,250.0,708.0,481.0,,,,,,,,,,,,
103,2.0,32.0,369.0,6.0,,,,,,,,,,,
104,1217.0,4.0,1218.0,,,,,,,,,,,,
105,495.0,1219.0,,,,,,,,,,,,,
106,1220.0,1221.0,,,,,,,,,,,,,
107,370.0,496.0,370.0,496.0,370.0,496.0,,,,,,,,,
108,1222.0,1223.0,1224.0,,,,,,,,,,,,
109,367.0,368.0,32.0,1225.0,,,,,,,,,,,
110,7.0,250.0,709.0,8.0,,,,,,,,,,,
111,57.0,497.0,251.0,493.0,,,,,,,,,,,
112,9.0,217.0,2.0,1226.0,,,,,,,,,,,
113,1227.0,710.0,371.0,,,,,,,,,,,,
114,372.0,1228.0,308.0,,,,,,,,,,,,
115,1229.0,34.0,43.0,1230.0,,,,,,,,,,,
116,2.0,1231.0,711.0,8.0,,,,,,,,,,,
117,10.0,373.0,1232.0,1233.0,,,,,,,,,,,
118,1234.0,113.0,712.0,6.0,,,,,,,,,,,
119,495.0,1235.0,6.0,,,,,,,,,,,,
120,114.0,1236.0,,,,,,,,,,,,,
121,63.0,1237.0,713.0,42.0,,,,,,,,,,,
122,86.0,125.0,1238.0,309.0,1239.0,,,,,,,,,,
123,9.0,1240.0,6.0,,,,,,,,,,,,
124,1241.0,714.0,252.0,714.0,1242.0,1243.0,,,,,,,,,
125,16.0,715.0,498.0,26.0,,,,,,,,,,,
126,217.0,7.0,251.0,493.0,,,,,,,,,,,
127,7.0,186.0,716.0,,,,,,,,,,,,
128,10.0,1244.0,,,,,,,,,,,,,
129,7.0,495.0,2.0,296.0,,,,,,,,,,,
130,53.0,33.0,717.0,,,,,,,,,,,,
131,187.0,1245.0,168.0,,,,,,,,,,,,
132,60.0,1246.0,,,,,,,,,,,,,
133,115.0,13.0,1247.0,499.0,87.0,1248.0,,,,,,,,,
134,1249.0,1250.0,1251.0,,,,,,,,,,,,
135,33.0,678.0,253.0,1252.0,47.0,718.0,,,,,,,,,
136,1253.0,1254.0,,,,,,,,,,,,,
137,500.0,1255.0,36.0,374.0,,,,,,,,,,,
138,1256.0,375.0,376.0,,,,,,,,,,,,
139,1257.0,1258.0,310.0,,,,,,,,,,,,
140,719.0,24.0,1259.0,,,,,,,,,,,,
141,311.0,376.0,1260.0,,,,,,,,,,,,
142,1261.0,1262.0,36.0,218.0,,,,,,,,,,,
143,1263.0,1264.0,1265.0,,,,,,,,,,,,
144,31.0,8.0,50.0,28.0,188.0,,,,,,,,,,
145,1266.0,497.0,377.0,720.0,1267.0,11.0,59.0,,,,,,,,
146,378.0,182.0,2.0,23.0,721.0,,,,,,,,,,
147,1268.0,77.0,1269.0,35.0,169.0,,,,,,,,,,
148,1270.0,501.0,137.0,,,,,,,,,,,,
149,45.0,25.0,722.0,1271.0,138.0,,,,,,,,,,
150,2.0,4.0,45.0,1272.0,8.0,1273.0,8.0,,,,,,,,
151,1274.0,1275.0,43.0,139.0,28.0,1276.0,,,,,,,,,
152,723.0,139.0,1277.0,153.0,724.0,1278.0,,,,,,,,,
153,1279.0,301.0,725.0,126.0,,,,,,,,,,,
154,502.0,361.0,306.0,182.0,1280.0,,,,,,,,,,
155,1281.0,503.0,504.0,38.0,,,,,,,,,,,
156,1282.0,165.0,379.0,1283.0,153.0,,,,,,,,,,
157,40.0,505.0,312.0,313.0,726.0,,,,,,,,,,
158,113.0,314.0,153.0,1284.0,212.0,18.0,,,,,,,,,
159,54.0,380.0,116.0,4.0,117.0,1285.0,,,,,,,,,
160,1286.0,73.0,727.0,127.0,,,,,,,,,,,
161,728.0,506.0,,,,,,,,,,,,,
162,27.0,729.0,315.0,381.0,,,,,,,,,,,
163,23.0,729.0,18.0,10.0,1287.0,1288.0,18.0,,,,,,,,
164,1.0,3.0,132.0,,,,,,,,,,,,
165,1289.0,5.0,3.0,1290.0,21.0,134.0,,,,,,,,,
166,6.0,1291.0,254.0,18.0,66.0,,,,,,,,,,
167,5.0,1292.0,21.0,134.0,,,,,,,,,,,
168,50.0,153.0,25.0,1293.0,6.0,,,,,,,,,,
169,503.0,1294.0,1295.0,,,,,,,,,,,,
170,507.0,307.0,122.0,21.0,1296.0,7.0,,,,,,,,,
171,5.0,730.0,37.0,731.0,1297.0,,,,,,,,,,
172,12.0,97.0,24.0,1298.0,472.0,,,,,,,,,,
173,17.0,115.0,1299.0,248.0,21.0,134.0,,,,,,,,,
174,255.0,2.0,1300.0,1301.0,316.0,,,,,,,,,,
175,13.0,25.0,2.0,1302.0,5.0,,,,,,,,,,
176,5.0,3.0,382.0,6.0,1303.0,,,,,,,,,,
177,2.0,1.0,3.0,87.0,,,,,,,,,,,
178,12.0,5.0,21.0,3.0,87.0,,,,,,,,,,
179,98.0,1304.0,688.0,,,,,,,,,,,,
180,2.0,732.0,1305.0,508.0,317.0,,,,,,,,,,
181,2.0,733.0,1306.0,,,,,,,,,,,,
182,6.0,33.0,3.0,248.0,21.0,134.0,,,,,,,,,
183,1307.0,1308.0,168.0,,,,,,,,,,,,
184,2.0,1309.0,1310.0,54.0,6.0,,,,,,,,,,
185,189.0,383.0,114.0,1311.0,,,,,,,,,,,
186,11.0,114.0,1312.0,38.0,295.0,4.0,,,,,,,,,
187,1313.0,88.0,734.0,1314.0,,,,,,,,,,,
188,735.0,1315.0,736.0,154.0,,,,,,,,,,,
189,1.0,509.0,6.0,34.0,219.0,,,,,,,,,,
190,1316.0,737.0,,,,,,,,,,,,,
191,2.0,256.0,737.0,,,,,,,,,,,,
192,70.0,5.0,105.0,316.0,1.0,9.0,738.0,,,,,,,,
193,510.0,1317.0,,,,,,,,,,,,,
194,12.0,6.0,6.0,,,,,,,,,,,,
195,106.0,95.0,733.0,384.0,,,,,,,,,,,
196,5.0,3.0,76.0,1318.0,,,,,,,,,,,
197,4.0,3.0,1319.0,1320.0,,,,,,,,,,,
198,220.0,3.0,1321.0,,,,,,,,,,,,
199,2.0,739.0,155.0,,,,,,,,,,,,
200,385.0,89.0,20.0,740.0,8.0,,,,,,,,,,
201,156.0,27.0,511.0,,,,,,,,,,,,
202,135.0,257.0,39.0,318.0,,,,,,,,,,,
203,248.0,10.0,1322.0,1323.0,1324.0,,,,,,,,,,
204,21.0,1325.0,1326.0,1327.0,8.0,,,,,,,,,,
205,1328.0,22.0,44.0,221.0,39.0,,,,,,,,,,
206,741.0,2.0,104.0,1329.0,1330.0,,,,,,,,,,
207,1331.0,1332.0,1333.0,1334.0,,,,,,,,,,,
208,217.0,13.0,15.0,9.0,62.0,1335.0,,,,,,,,,
209,2.0,128.0,49.0,374.0,386.0,1336.0,1337.0,,,,,,,,
210,1338.0,250.0,29.0,1339.0,44.0,1340.0,,,,,,,,,
211,48.0,1341.0,319.0,,,,,,,,,,,,
212,88.0,9.0,1342.0,5.0,,,,,,,,,,,
213,1343.0,1344.0,387.0,742.0,743.0,,,,,,,,,,
214,744.0,745.0,151.0,77.0,,,,,,,,,,,
215,2.0,118.0,746.0,728.0,,,,,,,,,,,
216,1345.0,1346.0,,,,,,,,,,,,,
217,33.0,151.0,8.0,32.0,1347.0,1.0,,,,,,,,,
218,386.0,313.0,73.0,,,,,,,,,,,,
219,33.0,1348.0,747.0,,,,,,,,,,,,
220,61.0,137.0,44.0,137.0,,,,,,,,,,,
221,2.0,18.0,512.0,68.0,,,,,,,,,,,
222,1.0,513.0,2.0,22.0,,,,,,,,,,,
223,7.0,1349.0,748.0,90.0,,,,,,,,,,,
224,86.0,1.0,40.0,166.0,1350.0,,,,,,,,,,
225,744.0,745.0,1351.0,,,,,,,,,,,,
226,2.0,22.0,746.0,747.0,,,,,,,,,,,
227,4.0,749.0,,,,,,,,,,,,,
228,2.0,22.0,1352.0,,,,,,,,,,,,
229,1353.0,4.0,749.0,1354.0,,,,,,,,,,,
230,2.0,22.0,1355.0,750.0,1356.0,,,,,,,,,,
231,86.0,1.0,40.0,166.0,222.0,,,,,,,,,,
232,88.0,44.0,,,,,,,,,,,,,
233,139.0,149.0,15.0,388.0,223.0,,,,,,,,,,
234,514.0,1357.0,63.0,,,,,,,,,,,,
235,15.0,389.0,223.0,,,,,,,,,,,,
236,190.0,27.0,511.0,310.0,,,,,,,,,,,
237,13.0,25.0,515.0,1358.0,,,,,,,,,,,
238,751.0,12.0,97.0,54.0,1359.0,,,,,,,,,,
239,752.0,191.0,1360.0,82.0,,,,,,,,,,,
240,390.0,258.0,,,,,,,,,,,,,
241,309.0,139.0,,,,,,,,,,,,,
242,1361.0,,,,,,,,,,,,,,
243,1362.0,3.0,,,,,,,,,,,,,
244,1363.0,83.0,,,,,,,,,,,,,
245,516.0,2.0,91.0,54.0,,,,,,,,,,,
246,1364.0,1365.0,,,,,,,,,,,,,
247,192.0,12.0,22.0,373.0,,,,,,,,,,,
248,83.0,21.0,1366.0,,,,,,,,,,,,
249,12.0,113.0,153.0,753.0,54.0,,,,,,,,,,
250,12.0,1367.0,126.0,,,,,,,,,,,,
251,1368.0,24.0,26.0,,,,,,,,,,,,
252,129.0,391.0,392.0,,,,,,,,,,,,
253,224.0,754.0,,,,,,,,,,,,,
254,755.0,1369.0,31.0,8.0,,,,,,,,,,,
255,190.0,754.0,,,,,,,,,,,,,
256,756.0,757.0,84.0,,,,,,,,,,,,
257,259.0,20.0,1370.0,1371.0,393.0,,,,,,,,,,
258,46.0,225.0,21.0,127.0,517.0,11.0,19.0,,,,,,,,
259,259.0,74.0,758.0,138.0,,,,,,,,,,,
260,69.0,759.0,98.0,124.0,260.0,,,,,,,,,,
261,224.0,117.0,1372.0,21.0,,,,,,,,,,,
262,129.0,1373.0,1374.0,,,,,,,,,,,,
263,10.0,1375.0,,,,,,,,,,,,,
264,54.0,125.0,,,,,,,,,,,,,
265,107.0,140.0,1376.0,1377.0,,,,,,,,,,,
266,49.0,212.0,22.0,1378.0,,,,,,,,,,,
267,3.0,1379.0,1380.0,,,,,,,,,,,,
268,66.0,43.0,55.0,85.0,2.0,23.0,,,,,,,,,
269,96.0,394.0,58.0,,,,,,,,,,,,
270,376.0,518.0,130.0,140.0,1381.0,,,,,,,,,,
271,107.0,1382.0,3.0,320.0,57.0,1383.0,,,,,,,,,
272,359.0,53.0,7.0,58.0,760.0,,,,,,,,,,
273,1384.0,71.0,1385.0,99.0,,,,,,,,,,,
274,11.0,112.0,1386.0,226.0,,,,,,,,,,,
275,761.0,140.0,261.0,4.0,,,,,,,,,,,
276,519.0,21.0,520.0,262.0,29.0,2.0,1387.0,,,,,,,,
277,86.0,23.0,1388.0,,,,,,,,,,,,
278,521.0,1389.0,193.0,1390.0,,,,,,,,,,,
279,4.0,29.0,1391.0,762.0,1392.0,16.0,,,,,,,,,
280,521.0,763.0,193.0,395.0,321.0,,,,,,,,,,
281,1393.0,2.0,32.0,167.0,5.0,1394.0,16.0,,,,,,,,
282,14.0,27.0,26.0,764.0,2.0,104.0,,,,,,,,,
283,48.0,11.0,322.0,,,,,,,,,,,,
284,1395.0,96.0,394.0,,,,,,,,,,,,
285,25.0,187.0,249.0,14.0,765.0,,,,,,,,,,
286,11.0,366.0,396.0,1396.0,,,,,,,,,,,
287,766.0,1397.0,,,,,,,,,,,,,
288,2.0,14.0,397.0,141.0,,,,,,,,,,,
289,48.0,4.0,1398.0,,,,,,,,,,,,
290,4.0,380.0,1399.0,,,,,,,,,,,,
291,4.0,398.0,263.0,767.0,1400.0,,,,,,,,,,
292,14.0,1401.0,116.0,100.0,,,,,,,,,,,
293,4.0,194.0,1402.0,170.0,,,,,,,,,,,
294,519.0,323.0,89.0,,,,,,,,,,,,
295,14.0,399.0,1403.0,103.0,,,,,,,,,,,
296,2.0,768.0,72.0,324.0,769.0,72.0,24.0,,,,,,,,
297,1404.0,770.0,3.0,157.0,,,,,,,,,,,
298,13.0,25.0,,,,,,,,,,,,,
299,17.0,380.0,299.0,771.0,522.0,,,,,,,,,,
300,98.0,1405.0,254.0,,,,,,,,,,,,
301,48.0,264.0,103.0,,,,,,,,,,,,
302,772.0,325.0,1406.0,773.0,1407.0,,,,,,,,,,
303,171.0,14.0,1408.0,,,,,,,,,,,,
304,14.0,523.0,400.0,,,,,,,,,,,,
305,25.0,1409.0,,,,,,,,,,,,,
306,1410.0,96.0,774.0,,,,,,,,,,,,
307,172.0,158.0,,,,,,,,,,,,,
308,50.0,1411.0,7.0,,,,,,,,,,,,
309,1412.0,473.0,,,,,,,,,,,,,
310,1.0,31.0,21.0,,,,,,,,,,,,
311,48.0,73.0,18.0,66.0,,,,,,,,,,,
312,401.0,18.0,66.0,,,,,,,,,,,,
313,48.0,1413.0,18.0,66.0,,,,,,,,,,,
314,1414.0,1415.0,,,,,,,,,,,,,
315,9.0,1416.0,72.0,2.0,,,,,,,,,,,
316,142.0,1417.0,211.0,,,,,,,,,,,,
317,96.0,524.0,5.0,33.0,525.0,,,,,,,,,,
318,30.0,1418.0,1419.0,,,,,,,,,,,,
319,96.0,1420.0,1.0,1421.0,,,,,,,,,,,
320,752.0,526.0,1422.0,,,,,,,,,,,,
321,1423.0,38.0,,,,,,,,,,,,,
322,527.0,1424.0,127.0,775.0,265.0,,,,,,,,,,
323,96.0,1425.0,,,,,,,,,,,,,
324,70.0,1426.0,775.0,265.0,,,,,,,,,,,
325,28.0,12.0,49.0,1427.0,,,,,,,,,,,
326,85.0,55.0,296.0,,,,,,,,,,,,
327,1428.0,17.0,395.0,24.0,92.0,,,,,,,,,,
328,1429.0,211.0,,,,,,,,,,,,,
329,94.0,1430.0,135.0,776.0,,,,,,,,,,,
330,81.0,44.0,1431.0,,,,,,,,,,,,
331,74.0,777.0,,,,,,,,,,,,,
332,99.0,1432.0,,,,,,,,,,,,,
333,778.0,313.0,1433.0,,,,,,,,,,,,
334,1434.0,1435.0,,,,,,,,,,,,,
335,227.0,90.0,,,,,,,,,,,,,
336,48.0,1.0,15.0,1436.0,779.0,,,,,,,,,,
337,63.0,15.0,684.0,779.0,,,,,,,,,,,
338,780.0,96.0,774.0,,,,,,,,,,,,
339,1437.0,,,,,,,,,,,,,,
340,1.0,51.0,74.0,,,,,,,,,,,,
341,41.0,781.0,9.0,1438.0,38.0,,,,,,,,,,
342,107.0,1439.0,1440.0,402.0,,,,,,,,,,,
343,46.0,782.0,1.0,528.0,,,,,,,,,,,
344,7.0,311.0,529.0,111.0,,,,,,,,,,,
345,9.0,713.0,1441.0,,,,,,,,,,,,
346,403.0,195.0,1442.0,,,,,,,,,,,,
347,266.0,1443.0,82.0,18.0,48.0,116.0,,,,,,,,,
348,119.0,77.0,228.0,,,,,,,,,,,,
349,404.0,1444.0,265.0,,,,,,,,,,,,
350,783.0,143.0,405.0,,,,,,,,,,,,
351,183.0,1445.0,1446.0,,,,,,,,,,,,
352,11.0,1447.0,370.0,784.0,,,,,,,,,,,
353,70.0,1448.0,,,,,,,,,,,,,
354,1449.0,1450.0,378.0,67.0,,,,,,,,,,,
355,11.0,136.0,1.0,40.0,1451.0,68.0,,,,,,,,,
356,1452.0,381.0,315.0,1453.0,,,,,,,,,,,
357,785.0,57.0,530.0,,,,,,,,,,,,
358,2.0,23.0,76.0,,,,,,,,,,,,
359,267.0,31.0,1454.0,103.0,,,,,,,,,,,
360,786.0,62.0,787.0,,,,,,,,,,,,
361,788.0,1455.0,11.0,531.0,229.0,,,,,,,,,,
362,57.0,1456.0,45.0,,,,,,,,,,,,
363,789.0,790.0,1457.0,,,,,,,,,,,,
364,1458.0,103.0,46.0,2.0,180.0,,,,,,,,,,
365,133.0,133.0,133.0,15.0,230.0,,,,,,,,,,
366,57.0,312.0,41.0,1459.0,19.0,,,,,,,,,,
367,39.0,1460.0,1461.0,532.0,,,,,,,,,,,
368,507.0,1462.0,791.0,792.0,,,,,,,,,,,
369,7.0,1463.0,97.0,533.0,,,,,,,,,,,
370,16.0,187.0,1464.0,793.0,,,,,,,,,,,
371,406.0,92.0,10.0,794.0,116.0,,,,,,,,,,
372,267.0,720.0,407.0,15.0,1465.0,17.0,,,,,,,,,
373,144.0,1466.0,1467.0,,,,,,,,,,,,
374,266.0,117.0,1468.0,211.0,,,,,,,,,,,
375,1469.0,53.0,1470.0,,,,,,,,,,,,
376,326.0,1471.0,133.0,1472.0,1473.0,42.0,,,,,,,,,
377,5.0,528.0,795.0,796.0,,,,,,,,,,,
378,1.0,159.0,,,,,,,,,,,,,
379,1474.0,196.0,,,,,,,,,,,,,
380,7.0,131.0,,,,,,,,,,,,,
381,1.0,128.0,,,,,,,,,,,,,
382,5.0,93.0,12.0,52.0,8.0,,,,,,,,,,
383,1475.0,2.0,23.0,,,,,,,,,,,,
384,408.0,797.0,297.0,,,,,,,,,,,,
385,534.0,1.0,31.0,,,,,,,,,,,,
386,70.0,716.0,,,,,,,,,,,,,
387,44.0,49.0,68.0,,,,,,,,,,,,
388,65.0,65.0,65.0,,,,,,,,,,,,
389,93.0,1476.0,,,,,,,,,,,,,
390,2.0,104.0,,,,,,,,,,,,,
391,14.0,6.0,535.0,,,,,,,,,,,,
392,45.0,1477.0,327.0,,,,,,,,,,,,
393,50.0,30.0,1478.0,130.0,,,,,,,,,,,
394,142.0,10.0,798.0,214.0,,,,,,,,,,,
395,409.0,173.0,1479.0,8.0,328.0,536.0,,,,,,,,,
396,268.0,174.0,799.0,174.0,537.0,,,,,,,,,,
397,1480.0,119.0,6.0,,,,,,,,,,,,
398,48.0,116.0,1481.0,76.0,103.0,,,,,,,,,,
399,268.0,174.0,76.0,103.0,,,,,,,,,,,
400,506.0,7.0,,,,,,,,,,,,,
401,14.0,31.0,1482.0,138.0,,,,,,,,,,,
402,7.0,800.0,801.0,802.0,,,,,,,,,,,
403,140.0,112.0,,,,,,,,,,,,,
404,538.0,16.0,,,,,,,,,,,,,
405,269.0,1483.0,310.0,,,,,,,,,,,,
406,48.0,66.0,803.0,,,,,,,,,,,,
407,757.0,16.0,,,,,,,,,,,,,
408,269.0,1484.0,310.0,,,,,,,,,,,,
409,490.0,329.0,,,,,,,,,,,,,
410,270.0,53.0,4.0,3.0,,,,,,,,,,,
411,140.0,4.0,330.0,3.0,,,,,,,,,,,
412,3.0,157.0,3.0,157.0,,,,,,,,,,,
413,5.0,539.0,153.0,100.0,16.0,,,,,,,,,,
414,540.0,1485.0,,,,,,,,,,,,,
415,64.0,804.0,58.0,,,,,,,,,,,,
416,1486.0,60.0,1487.0,,,,,,,,,,,,
417,788.0,1488.0,24.0,,,,,,,,,,,,
418,1.0,74.0,758.0,196.0,120.0,,,,,,,,,,
419,75.0,7.0,85.0,105.0,1489.0,,,,,,,,,,
420,6.0,1490.0,271.0,,,,,,,,,,,,
421,60.0,27.0,1491.0,19.0,,,,,,,,,,,
422,2.0,52.0,61.0,541.0,,,,,,,,,,,
423,197.0,66.0,127.0,19.0,,,,,,,,,,,
424,70.0,725.0,58.0,246.0,,,,,,,,,,,
425,272.0,55.0,805.0,5.0,72.0,,,,,,,,,,
426,231.0,11.0,542.0,172.0,158.0,,,,,,,,,,
427,7.0,1492.0,231.0,1493.0,410.0,,,,,,,,,,
428,92.0,1494.0,9.0,331.0,19.0,485.0,,,,,,,,,
429,33.0,806.0,100.0,243.0,5.0,,,,,,,,,,
430,1.0,1495.0,498.0,332.0,,,,,,,,,,,
431,543.0,1496.0,37.0,1497.0,1.0,,,,,,,,,,
432,3.0,1498.0,6.0,120.0,,,,,,,,,,,
433,6.0,,,,,,,,,,,,,,
434,544.0,1499.0,273.0,1.0,301.0,,,,,,,,,,
435,1500.0,12.0,1501.0,1502.0,,,,,,,,,,,
436,1.0,1503.0,1504.0,19.0,,,,,,,,,,,
437,272.0,55.0,805.0,2.0,1505.0,,,,,,,,,,
438,3.0,159.0,172.0,1506.0,,,,,,,,,,,
439,11.0,1507.0,17.0,807.0,5.0,,,,,,,,,,
440,808.0,274.0,1.0,1508.0,,,,,,,,,,,
441,1509.0,42.0,4.0,1510.0,,,,,,,,,,,
442,739.0,121.0,16.0,1511.0,,,,,,,,,,,
443,1512.0,1513.0,27.0,1514.0,1515.0,,,,,,,,,,
444,58.0,809.0,810.0,1516.0,,,,,,,,,,,
445,2.0,22.0,36.0,1517.0,811.0,1518.0,1519.0,1520.0,1521.0,,,,,,
446,101.0,812.0,813.0,59.0,,,,,,,,,,,
447,17.0,124.0,194.0,545.0,122.0,1522.0,8.0,,,,,,,,
448,198.0,814.0,1523.0,1524.0,,,,,,,,,,,
449,135.0,815.0,1525.0,,,,,,,,,,,,
450,199.0,546.0,53.0,199.0,,,,,,,,,,,
451,112.0,1526.0,816.0,,,,,,,,,,,,
452,180.0,547.0,817.0,1527.0,1528.0,,,,,,,,,,
453,411.0,1529.0,1530.0,1531.0,138.0,,,,,,,,,,
454,412.0,67.0,10.0,35.0,20.0,1532.0,226.0,,,,,,,,
455,50.0,153.0,2.0,104.0,23.0,474.0,,,,,,,,,
456,88.0,333.0,192.0,1533.0,6.0,1534.0,,,,,,,,,
457,198.0,83.0,13.0,1535.0,,,,,,,,,,,
458,1.0,303.0,5.0,134.0,,,,,,,,,,,
459,46.0,257.0,50.0,1536.0,,,,,,,,,,,
460,1537.0,150.0,398.0,263.0,,,,,,,,,,,
461,548.0,145.0,,,,,,,,,,,,,
462,1.0,1538.0,5.0,549.0,,,,,,,,,,,
463,199.0,114.0,53.0,199.0,,,,,,,,,,,
464,5.0,275.0,128.0,1539.0,1540.0,,,,,,,,,,
465,7.0,10.0,1541.0,1542.0,1.0,,,,,,,,,,
466,276.0,35.0,413.0,,,,,,,,,,,,
467,20.0,277.0,4.0,64.0,1543.0,64.0,64.0,,,,,,,,
468,28.0,278.0,393.0,42.0,,,,,,,,,,,
469,50.0,2.0,550.0,,,,,,,,,,,,
470,1544.0,413.0,413.0,,,,,,,,,,,,
471,306.0,182.0,818.0,818.0,,,,,,,,,,,
472,154.0,1545.0,1546.0,,,,,,,,,,,,
473,551.0,551.0,551.0,1547.0,180.0,121.0,5.0,,,,,,,,
474,35.0,35.0,35.0,13.0,1548.0,35.0,,,,,,,,,
475,552.0,552.0,552.0,13.0,276.0,1549.0,,,,,,,,,
476,35.0,35.0,35.0,227.0,819.0,279.0,820.0,,,,,,,,
477,9.0,151.0,2.0,23.0,,,,,,,,,,,
478,27.0,1550.0,8.0,39.0,,,,,,,,,,,
479,276.0,35.0,413.0,,,,,,,,,,,,
480,28.0,278.0,393.0,42.0,,,,,,,,,,,
481,1.0,40.0,821.0,13.0,30.0,1551.0,,,,,,,,,
482,227.0,819.0,279.0,820.0,,,,,,,,,,,
483,25.0,822.0,1.0,,,,,,,,,,,,
484,1552.0,1553.0,19.0,5.0,38.0,,,,,,,,,,
485,160.0,1.0,52.0,2.0,132.0,,,,,,,,,,
486,823.0,320.0,278.0,1554.0,316.0,,,,,,,,,,
487,2.0,1.0,,,,,,,,,,,,,
488,33.0,539.0,125.0,405.0,,,,,,,,,,,
489,553.0,25.0,,,,,,,,,,,,,
490,554.0,1555.0,312.0,,,,,,,,,,,,
491,1556.0,1557.0,414.0,824.0,,,,,,,,,,,
492,1558.0,1559.0,116.0,1560.0,,,,,,,,,,,
493,35.0,334.0,1561.0,,,,,,,,,,,,
494,2.0,1.0,1562.0,316.0,,,,,,,,,,,
495,94.0,1563.0,4.0,200.0,1.0,,,,,,,,,,
496,2.0,555.0,556.0,,,,,,,,,,,,
497,32.0,155.0,415.0,189.0,,,,,,,,,,,
498,141.0,1564.0,383.0,,,,,,,,,,,,
499,45.0,10.0,17.0,83.0,,,,,,,,,,,
500,1565.0,1566.0,,,,,,,,,,,,,
501,825.0,78.0,541.0,18.0,4.0,826.0,,,,,,,,,
502,81.0,9.0,827.0,1567.0,38.0,,,,,,,,,,
503,152.0,4.0,9.0,184.0,111.0,,,,,,,,,,
504,50.0,302.0,,,,,,,,,,,,,
505,73.0,828.0,90.0,2.0,3.0,,,,,,,,,,
506,118.0,1568.0,83.0,1569.0,,,,,,,,,,,
507,829.0,1570.0,,,,,,,,,,,,,
508,20.0,41.0,1.0,1571.0,,,,,,,,,,,
509,2.0,171.0,9.0,,,,,,,,,,,,
510,232.0,45.0,10.0,1.0,3.0,,,,,,,,,,
511,232.0,557.0,29.0,830.0,,,,,,,,,,,
512,1.0,43.0,25.0,,,,,,,,,,,,
513,558.0,1572.0,1573.0,,,,,,,,,,,,
514,41.0,1574.0,,,,,,,,,,,,,
515,24.0,556.0,690.0,416.0,,,,,,,,,,,
516,83.0,64.0,183.0,1575.0,280.0,,,,,,,,,,
517,122.0,1576.0,559.0,34.0,84.0,,,,,,,,,,
518,60.0,220.0,2.0,23.0,560.0,535.0,,,,,,,,,
519,12.0,831.0,158.0,417.0,,,,,,,,,,,
520,2.0,561.0,99.0,418.0,,,,,,,,,,,
521,172.0,1.0,3.0,382.0,,,,,,,,,,,
522,17.0,83.0,73.0,,,,,,,,,,,,
523,261.0,1577.0,,,,,,,,,,,,,
524,46.0,12.0,327.0,1578.0,6.0,,,,,,,,,,
525,9.0,3.0,233.0,,,,,,,,,,,,
526,232.0,557.0,29.0,335.0,,,,,,,,,,,
527,558.0,832.0,562.0,1579.0,,,,,,,,,,,
528,75.0,1580.0,,,,,,,,,,,,,
529,94.0,1581.0,91.0,98.0,,,,,,,,,,,
530,99.0,1582.0,419.0,,,,,,,,,,,,
531,25.0,1583.0,,,,,,,,,,,,,
532,1584.0,1585.0,,,,,,,,,,,,,
533,833.0,1586.0,,,,,,,,,,,,,
534,39.0,1587.0,,,,,,,,,,,,,
535,1588.0,399.0,62.0,,,,,,,,,,,,
536,1589.0,71.0,478.0,,,,,,,,,,,,
537,834.0,1590.0,,,,,,,,,,,,,
538,1591.0,835.0,,,,,,,,,,,,,
539,217.0,66.0,836.0,,,,,,,,,,,,
540,837.0,39.0,1592.0,216.0,150.0,,,,,,,,,,
541,1593.0,563.0,95.0,69.0,,,,,,,,,,,
542,838.0,11.0,1594.0,112.0,,,,,,,,,,,
543,1595.0,6.0,,,,,,,,,,,,,
544,839.0,82.0,257.0,420.0,,,,,,,,,,,
545,1596.0,1597.0,223.0,,,,,,,,,,,,
546,12.0,395.0,1598.0,,,,,,,,,,,,
547,81.0,29.0,15.0,840.0,,,,,,,,,,,
548,9.0,175.0,1599.0,,,,,,,,,,,,
549,841.0,3.0,842.0,,,,,,,,,,,,
550,1600.0,835.0,,,,,,,,,,,,,
551,176.0,836.0,,,,,,,,,,,,,
552,564.0,1601.0,1602.0,,,,,,,,,,,,
553,11.0,1603.0,165.0,1604.0,1605.0,,,,,,,,,,
554,1606.0,1.0,565.0,309.0,139.0,,,,,,,,,,
555,1607.0,843.0,42.0,1608.0,153.0,,,,,,,,,,
556,837.0,13.0,299.0,146.0,150.0,,,,,,,,,,
557,1609.0,566.0,126.0,69.0,,,,,,,,,,,
558,838.0,45.0,113.0,844.0,112.0,,,,,,,,,,
559,1610.0,6.0,,,,,,,,,,,,,
560,567.0,270.0,1611.0,30.0,,,,,,,,,,,
561,180.0,121.0,35.0,,,,,,,,,,,,
562,156.0,1612.0,1613.0,,,,,,,,,,,,
563,1614.0,168.0,54.0,275.0,,,,,,,,,,,
564,154.0,1.0,4.0,,,,,,,,,,,,
565,568.0,508.0,1615.0,,,,,,,,,,,,
566,1616.0,62.0,1617.0,1618.0,,,,,,,,,,,
567,5.0,151.0,8.0,845.0,561.0,,,,,,,,,,
568,73.0,824.0,57.0,547.0,,,,,,,,,,,
569,1619.0,156.0,27.0,395.0,12.0,,,,,,,,,,
570,1620.0,2.0,301.0,,,,,,,,,,,,
571,1621.0,2.0,22.0,,,,,,,,,,,,
572,1622.0,160.0,,,,,,,,,,,,,
573,4.0,5.0,175.0,491.0,123.0,,,,,,,,,,
574,281.0,84.0,9.0,1623.0,,,,,,,,,,,
575,846.0,282.0,168.0,62.0,,,,,,,,,,,
576,1.0,40.0,505.0,37.0,84.0,,,,,,,,,,
577,67.0,136.0,1.0,4.0,,,,,,,,,,,
578,220.0,2.0,51.0,5.0,1.0,,,,,,,,,,
579,15.0,1624.0,21.0,1625.0,,,,,,,,,,,
580,48.0,784.0,2.0,,,,,,,,,,,,
581,3.0,27.0,1626.0,55.0,569.0,,,,,,,,,,
582,1627.0,76.0,522.0,,,,,,,,,,,,
583,1628.0,282.0,1629.0,,,,,,,,,,,,
584,1630.0,97.0,37.0,336.0,,,,,,,,,,,
585,847.0,1631.0,1632.0,,,,,,,,,,,,
586,2.0,3.0,570.0,,,,,,,,,,,,
587,1633.0,35.0,1634.0,1635.0,335.0,,,,,,,,,,
588,848.0,46.0,,,,,,,,,,,,,
589,145.0,268.0,18.0,849.0,,,,,,,,,,,
590,7.0,10.0,1636.0,79.0,,,,,,,,,,,
591,421.0,571.0,2.0,1637.0,,,,,,,,,,,
592,376.0,117.0,161.0,,,,,,,,,,,,
593,850.0,6.0,34.0,,,,,,,,,,,,
594,2.0,52.0,1638.0,,,,,,,,,,,,
595,22.0,1639.0,1640.0,,,,,,,,,,,,
596,108.0,572.0,422.0,29.0,34.0,,,,,,,,,,
597,2.0,234.0,171.0,1641.0,,,,,,,,,,,
598,13.0,59.0,1.0,155.0,397.0,,,,,,,,,,
599,201.0,160.0,,,,,,,,,,,,,
600,17.0,51.0,5.0,,,,,,,,,,,,
601,270.0,136.0,17.0,379.0,,,,,,,,,,,
602,423.0,1642.0,,,,,,,,,,,,,
603,851.0,424.0,146.0,73.0,202.0,,,,,,,,,,
604,1.0,89.0,852.0,46.0,,,,,,,,,,,
605,1643.0,252.0,,,,,,,,,,,,,
606,9.0,3.0,233.0,,,,,,,,,,,,
607,1644.0,5.0,63.0,15.0,199.0,,,,,,,,,,
608,692.0,1.0,35.0,169.0,133.0,,,,,,,,,,
609,119.0,47.0,401.0,47.0,573.0,,,,,,,,,,
610,385.0,764.0,1.0,104.0,1645.0,,,,,,,,,,
611,144.0,176.0,1646.0,231.0,39.0,141.0,1647.0,,,,,,,,
612,57.0,1648.0,67.0,181.0,95.0,,,,,,,,,,
613,63.0,15.0,1.0,175.0,1649.0,,,,,,,,,,
614,10.0,247.0,12.0,21.0,11.0,78.0,321.0,78.0,,,,,,,
615,574.0,373.0,74.0,63.0,297.0,1650.0,78.0,,,,,,,,
616,58.0,1651.0,103.0,337.0,50.0,,,,,,,,,,
617,500.0,783.0,126.0,853.0,,,,,,,,,,,
618,1.0,58.0,315.0,3.0,566.0,,,,,,,,,,
619,1652.0,103.0,337.0,50.0,,,,,,,,,,,
620,182.0,338.0,5.0,199.0,,,,,,,,,,,
621,1.0,1653.0,1654.0,159.0,,,,,,,,,,,
622,25.0,795.0,176.0,34.0,,,,,,,,,,,
623,568.0,53.0,256.0,28.0,425.0,426.0,,,,,,,,,
624,198.0,54.0,14.0,339.0,,,,,,,,,,,
625,568.0,,,,,,,,,,,,,,
626,329.0,45.0,28.0,425.0,426.0,,,,,,,,,,
627,108.0,45.0,427.0,14.0,428.0,,,,,,,,,,
628,28.0,1655.0,,,,,,,,,,,,,
629,4.0,14.0,479.0,,,,,,,,,,,,
630,235.0,25.0,575.0,,,,,,,,,,,,
631,235.0,25.0,52.0,,,,,,,,,,,,
632,14.0,429.0,222.0,854.0,,,,,,,,,,,
633,20.0,1656.0,20.0,340.0,157.0,,,,,,,,,,
634,2.0,52.0,1657.0,410.0,,,,,,,,,,,
635,576.0,340.0,1658.0,,,,,,,,,,,,
636,855.0,17.0,40.0,1659.0,271.0,,,,,,,,,,
637,65.0,11.0,322.0,236.0,1660.0,256.0,89.0,,,,,,,,
638,4.0,14.0,4.0,14.0,,,,,,,,,,,
639,195.0,341.0,856.0,,,,,,,,,,,,
640,857.0,1661.0,858.0,,,,,,,,,,,,
641,177.0,859.0,78.0,,,,,,,,,,,,
642,106.0,341.0,11.0,366.0,341.0,195.0,341.0,,,,,,,,
643,430.0,6.0,28.0,425.0,426.0,,,,,,,,,,
644,131.0,14.0,1662.0,1663.0,5.0,,,,,,,,,,
645,577.0,,,,,,,,,,,,,,
646,3.0,6.0,28.0,425.0,426.0,,,,,,,,,,
647,131.0,49.0,860.0,,,,,,,,,,,,
648,411.0,1664.0,,,,,,,,,,,,,
649,553.0,25.0,575.0,,,,,,,,,,,,
650,553.0,25.0,,,,,,,,,,,,,
651,195.0,14.0,429.0,222.0,854.0,,,,,,,,,,
652,20.0,578.0,861.0,20.0,114.0,861.0,,,,,,,,,
653,14.0,52.0,1665.0,,,,,,,,,,,,
654,576.0,114.0,,,,,,,,,,,,,
655,195.0,341.0,856.0,,,,,,,,,,,,
656,2.0,102.0,,,,,,,,,,,,,
657,1666.0,16.0,14.0,,,,,,,,,,,,
658,75.0,3.0,431.0,,,,,,,,,,,,
659,4.0,6.0,34.0,579.0,,,,,,,,,,,
660,862.0,79.0,,,,,,,,,,,,,
661,75.0,862.0,79.0,,,,,,,,,,,,
662,2.0,2.0,1667.0,,,,,,,,,,,,
663,3.0,34.0,580.0,6.0,,,,,,,,,,,
664,855.0,17.0,40.0,1668.0,13.0,30.0,,,,,,,,,
665,65.0,33.0,175.0,1669.0,13.0,1670.0,,,,,,,,,
666,177.0,859.0,78.0,,,,,,,,,,,,
667,1.0,166.0,325.0,,,,,,,,,,,,
668,1671.0,1672.0,581.0,,,,,,,,,,,,
669,93.0,159.0,42.0,,,,,,,,,,,,
670,110.0,582.0,863.0,,,,,,,,,,,,
671,93.0,1673.0,1674.0,,,,,,,,,,,,
672,30.0,1675.0,21.0,1676.0,,,,,,,,,,,
673,267.0,31.0,1677.0,,,,,,,,,,,,
674,342.0,161.0,864.0,,,,,,,,,,,,
675,3.0,94.0,1678.0,,,,,,,,,,,,
676,574.0,1679.0,865.0,583.0,1.0,,,,,,,,,,
677,1680.0,69.0,863.0,,,,,,,,,,,,
678,1.0,166.0,19.0,1681.0,,,,,,,,,,,
679,5.0,275.0,12.0,128.0,432.0,,,,,,,,,,
680,1.0,75.0,866.0,,,,,,,,,,,,
681,1682.0,1683.0,867.0,,,,,,,,,,,,
682,1684.0,95.0,8.0,,,,,,,,,,,,
683,36.0,1685.0,1686.0,,,,,,,,,,,,
684,433.0,1687.0,19.0,93.0,139.0,584.0,,,,,,,,,
685,1688.0,1689.0,1690.0,90.0,,,,,,,,,,,
686,433.0,13.0,180.0,1691.0,90.0,,,,,,,,,,
687,13.0,203.0,301.0,868.0,28.0,,,,,,,,,,
688,41.0,1692.0,41.0,3.0,869.0,,,,,,,,,,
689,91.0,17.0,1693.0,400.0,,,,,,,,,,,
690,142.0,404.0,1694.0,142.0,404.0,1695.0,,,,,,,,,
691,237.0,114.0,1696.0,8.0,,,,,,,,,,,
692,41.0,83.0,129.0,249.0,178.0,47.0,,,,,,,,,
693,1697.0,166.0,274.0,,,,,,,,,,,,
694,1698.0,700.0,1699.0,99.0,,,,,,,,,,,
695,129.0,118.0,1700.0,8.0,,,,,,,,,,,
696,107.0,585.0,44.0,870.0,3.0,,,,,,,,,,
697,1701.0,362.0,194.0,871.0,1702.0,18.0,,,,,,,,,
698,14.0,308.0,1703.0,3.0,,,,,,,,,,,
699,17.0,586.0,1704.0,587.0,178.0,47.0,,,,,,,,,
700,155.0,4.0,10.0,1705.0,8.0,,,,,,,,,,
701,237.0,24.0,246.0,129.0,283.0,1706.0,,,,,,,,,
702,243.0,5.0,1707.0,588.0,,,,,,,,,,,
703,11.0,19.0,589.0,3.0,1708.0,,,,,,,,,,
704,6.0,34.0,339.0,18.0,123.0,37.0,,,,,,,,,
705,107.0,585.0,590.0,105.0,1709.0,,,,,,,,,,
706,14.0,3.0,5.0,1710.0,,,,,,,,,,,
707,11.0,362.0,55.0,4.0,47.0,14.0,,,,,,,,,
708,1711.0,421.0,571.0,104.0,,,,,,,,,,,
709,2.0,22.0,67.0,66.0,1712.0,,,,,,,,,,
710,203.0,858.0,591.0,82.0,1713.0,591.0,82.0,1714.0,1715.0,,,,,,
711,74.0,1716.0,90.0,2.0,284.0,1717.0,780.0,119.0,2.0,23.0,,,,,
712,1718.0,192.0,11.0,343.0,21.0,6.0,321.0,17.0,150.0,92.0,10.0,872.0,84.0,,
713,284.0,284.0,284.0,284.0,,,,,,,,,,,
714,98.0,1719.0,37.0,384.0,70.0,66.0,1720.0,6.0,,,,,,,
715,284.0,336.0,1.0,262.0,29.0,4.0,873.0,,,,,,,,
716,2.0,1721.0,11.0,366.0,1722.0,434.0,,,,,,,,,
717,592.0,435.0,16.0,10.0,235.0,1723.0,,,,,,,,,
718,110.0,6.0,76.0,400.0,14.0,22.0,585.0,,,,,,,,
719,874.0,702.0,97.0,5.0,264.0,76.0,103.0,,,,,,,,
720,83.0,24.0,1724.0,,,,,,,,,,,,
721,18.0,1725.0,99.0,738.0,,,,,,,,,,,
722,593.0,529.0,1726.0,875.0,876.0,416.0,,,,,,,,,
723,1727.0,1728.0,1729.0,,,,,,,,,,,,
724,14.0,147.0,14.0,,,,,,,,,,,,
725,2.0,594.0,2.0,73.0,3.0,,,,,,,,,,
726,46.0,877.0,43.0,36.0,436.0,,,,,,,,,,
727,14.0,4.0,1730.0,,,,,,,,,,,,
728,11.0,52.0,1731.0,,,,,,,,,,,,
729,3.0,8.0,1732.0,6.0,857.0,1733.0,6.0,,,,,,,,
730,1734.0,1735.0,1736.0,,,,,,,,,,,,
731,46.0,14.0,33.0,283.0,1737.0,,,,,,,,,,
732,14.0,330.0,2.0,3.0,,,,,,,,,,,
733,4.0,595.0,3.0,34.0,803.0,,,,,,,,,,
734,14.0,225.0,,,,,,,,,,,,,
735,4.0,22.0,66.0,1738.0,,,,,,,,,,,
736,878.0,1.0,31.0,588.0,,,,,,,,,,,
737,1739.0,5.0,,,,,,,,,,,,,
738,1.0,1740.0,,,,,,,,,,,,,
739,22.0,1741.0,,,,,,,,,,,,,
740,4.0,879.0,,,,,,,,,,,,,
741,880.0,1742.0,120.0,,,,,,,,,,,,
742,823.0,1743.0,120.0,,,,,,,,,,,,
743,48.0,2.0,285.0,1744.0,,,,,,,,,,,
744,1.0,111.0,285.0,79.0,,,,,,,,,,,
745,106.0,,,,,,,,,,,,,,
746,1.0,881.0,691.0,,,,,,,,,,,,
747,1745.0,77.0,,,,,,,,,,,,,
748,2.0,285.0,596.0,286.0,,,,,,,,,,,
749,4.0,44.0,,,,,,,,,,,,,
750,66.0,82.0,,,,,,,,,,,,,
751,2.0,1.0,1746.0,18.0,,,,,,,,,,,
752,1747.0,19.0,,,,,,,,,,,,,
753,298.0,,,,,,,,,,,,,,
754,596.0,1748.0,344.0,,,,,,,,,,,,
755,51.0,1749.0,344.0,,,,,,,,,,,,
756,4.0,596.0,1750.0,2.0,,,,,,,,,,,
757,1.0,6.0,34.0,437.0,285.0,,,,,,,,,,
758,63.0,584.0,344.0,,,,,,,,,,,,
759,115.0,,,,,,,,,,,,,,
760,1751.0,,,,,,,,,,,,,,
761,31.0,72.0,2.0,1752.0,,,,,,,,,,,
762,882.0,105.0,,,,,,,,,,,,,
763,7.0,878.0,1753.0,18.0,,,,,,,,,,,
764,471.0,7.0,883.0,1754.0,,,,,,,,,,,
765,13.0,51.0,1.0,,,,,,,,,,,,
766,1755.0,1756.0,,,,,,,,,,,,,
767,2.0,3.0,147.0,69.0,,,,,,,,,,,
768,1.0,1757.0,18.0,,,,,,,,,,,,
769,14.0,37.0,69.0,,,,,,,,,,,,
770,1758.0,8.0,,,,,,,,,,,,,
771,4.0,1.0,3.0,8.0,105.0,,,,,,,,,,
772,16.0,541.0,18.0,,,,,,,,,,,,
773,1759.0,12.0,104.0,,,,,,,,,,,,
774,884.0,,,,,,,,,,,,,,
775,10.0,247.0,371.0,79.0,,,,,,,,,,,
776,73.0,123.0,3.0,369.0,8.0,,,,,,,,,,
777,371.0,264.0,8.0,,,,,,,,,,,,
778,2.0,118.0,1760.0,,,,,,,,,,,,
779,2.0,80.0,1761.0,252.0,,,,,,,,,,,
780,88.0,1762.0,82.0,,,,,,,,,,,,
781,73.0,123.0,3.0,287.0,,,,,,,,,,,
782,2.0,80.0,178.0,,,,,,,,,,,,
783,560.0,34.0,371.0,,,,,,,,,,,,
784,1763.0,1764.0,,,,,,,,,,,,,
785,184.0,300.0,56.0,,,,,,,,,,,,
786,1765.0,12.0,3.0,72.0,,,,,,,,,,,
787,546.0,53.0,438.0,175.0,,,,,,,,,,,
788,237.0,24.0,324.0,885.0,,,,,,,,,,,
789,491.0,72.0,3.0,,,,,,,,,,,,
790,11.0,36.0,387.0,,,,,,,,,,,,
791,126.0,1766.0,175.0,,,,,,,,,,,,
792,1767.0,58.0,,,,,,,,,,,,,
793,71.0,1768.0,29.0,,,,,,,,,,,,
794,1769.0,886.0,170.0,1770.0,,,,,,,,,,,
795,5.0,30.0,,,,,,,,,,,,,
796,1771.0,1772.0,885.0,,,,,,,,,,,,
797,31.0,194.0,,,,,,,,,,,,,
798,887.0,1773.0,,,,,,,,,,,,,
799,242.0,1774.0,888.0,887.0,,,,,,,,,,,
800,438.0,62.0,1.0,62.0,,,,,,,,,,,
801,12.0,3.0,1775.0,1776.0,,,,,,,,,,,
802,303.0,1777.0,1778.0,29.0,,,,,,,,,,,
803,1.0,124.0,1779.0,3.0,,,,,,,,,,,
804,57.0,67.0,156.0,71.0,236.0,,,,,,,,,,
805,67.0,105.0,1780.0,,,,,,,,,,,,
806,1781.0,170.0,,,,,,,,,,,,,
807,308.0,1782.0,11.0,3.0,,,,,,,,,,,
808,1783.0,1784.0,279.0,,,,,,,,,,,,
809,2.0,80.0,,,,,,,,,,,,,
810,81.0,438.0,3.0,157.0,,,,,,,,,,,
811,438.0,175.0,,,,,,,,,,,,,
812,2.0,80.0,889.0,1785.0,,,,,,,,,,,
813,135.0,3.0,,,,,,,,,,,,,
814,31.0,248.0,1786.0,,,,,,,,,,,,
815,1787.0,2.0,80.0,,,,,,,,,,,,
816,81.0,204.0,890.0,,,,,,,,,,,,
817,242.0,323.0,255.0,,,,,,,,,,,,
818,10.0,29.0,391.0,214.0,,,,,,,,,,,
819,592.0,4.0,92.0,1788.0,43.0,191.0,,,,,,,,,
820,1789.0,121.0,18.0,,,,,,,,,,,,
821,1790.0,87.0,286.0,,,,,,,,,,,,
822,1791.0,121.0,37.0,1792.0,37.0,,,,,,,,,,
823,59.0,1793.0,34.0,37.0,185.0,282.0,18.0,,,,,,,,
824,205.0,1794.0,2.0,23.0,122.0,1795.0,,,,,,,,,
825,355.0,597.0,214.0,,,,,,,,,,,,
826,355.0,355.0,597.0,214.0,,,,,,,,,,,
827,560.0,127.0,18.0,1.0,1796.0,,,,,,,,,,
828,891.0,1797.0,1798.0,,,,,,,,,,,,
829,1799.0,1800.0,1801.0,18.0,,,,,,,,,,,
830,1802.0,892.0,108.0,229.0,193.0,,,,,,,,,,
831,36.0,218.0,717.0,317.0,238.0,43.0,18.0,,,,,,,,
832,1803.0,5.0,893.0,,,,,,,,,,,,
833,11.0,99.0,893.0,,,,,,,,,,,,
834,118.0,9.0,151.0,8.0,439.0,1804.0,,,,,,,,,
835,50.0,874.0,1805.0,581.0,,,,,,,,,,,
836,99.0,583.0,71.0,279.0,843.0,,,,,,,,,,
837,1.0,1806.0,139.0,1807.0,480.0,,,,,,,,,,
838,1808.0,20.0,894.0,87.0,,,,,,,,,,,
839,12.0,895.0,252.0,850.0,598.0,,,,,,,,,,
840,81.0,7.0,9.0,1809.0,,,,,,,,,,,
841,3.0,20.0,264.0,419.0,,,,,,,,,,,
842,118.0,144.0,58.0,809.0,,,,,,,,,,,
843,1810.0,93.0,894.0,87.0,,,,,,,,,,,
844,14.0,241.0,93.0,1811.0,,,,,,,,,,,
845,206.0,440.0,441.0,442.0,,,,,,,,,,,
846,46.0,17.0,441.0,442.0,,,,,,,,,,,
847,4.0,443.0,9.0,283.0,599.0,,,,,,,,,,
848,206.0,1812.0,344.0,,,,,,,,,,,,
849,896.0,440.0,441.0,442.0,,,,,,,,,,,
850,385.0,440.0,58.0,1813.0,,,,,,,,,,,
851,502.0,897.0,,,,,,,,,,,,,
852,7.0,58.0,9.0,283.0,599.0,,,,,,,,,,
853,106.0,283.0,599.0,896.0,442.0,,,,,,,,,,
854,4.0,60.0,898.0,8.0,345.0,37.0,,,,,,,,,
855,7.0,1.0,600.0,,,,,,,,,,,,
856,8.0,345.0,166.0,37.0,,,,,,,,,,,
857,516.0,12.0,1814.0,899.0,,,,,,,,,,,
858,430.0,1815.0,37.0,,,,,,,,,,,,
859,7.0,1.0,600.0,8.0,345.0,37.0,,,,,,,,,
860,7.0,258.0,58.0,1816.0,900.0,,,,,,,,,,
861,2.0,32.0,62.0,901.0,156.0,444.0,162.0,,,,,,,,
862,36.0,444.0,1817.0,,,,,,,,,,,,
863,206.0,440.0,,,,,,,,,,,,,
864,3.0,537.0,441.0,1818.0,,,,,,,,,,,
865,3.0,537.0,4.0,60.0,1819.0,,,,,,,,,,
866,60.0,898.0,8.0,345.0,37.0,,,,,,,,,,
867,206.0,26.0,1820.0,24.0,11.0,51.0,59.0,,,,,,,,
868,901.0,1.0,4.0,74.0,,,,,,,,,,,
869,11.0,154.0,99.0,,,,,,,,,,,,
870,63.0,15.0,1821.0,74.0,26.0,,,,,,,,,,
871,107.0,7.0,1.0,600.0,8.0,345.0,37.0,,,,,,,,
872,7.0,258.0,58.0,902.0,900.0,,,,,,,,,,
873,578.0,1822.0,,,,,,,,,,,,,
874,903.0,70.0,408.0,9.0,391.0,,,,,,,,,,
875,143.0,1823.0,97.0,1.0,,,,,,,,,,,
876,4.0,46.0,34.0,6.0,579.0,,,,,,,,,,
877,11.0,322.0,904.0,905.0,1824.0,,,,,,,,,,
878,173.0,799.0,85.0,906.0,,,,,,,,,,,
879,149.0,1825.0,202.0,1826.0,,,,,,,,,,,
880,93.0,907.0,55.0,756.0,34.0,1827.0,,,,,,,,,
881,424.0,45.0,73.0,601.0,555.0,1828.0,,,,,,,,,
882,14.0,252.0,18.0,602.0,434.0,,,,,,,,,,
883,207.0,14.0,23.0,205.0,1829.0,,,,,,,,,,
884,33.0,388.0,16.0,162.0,,,,,,,,,,,
885,845.0,,,,,,,,,,,,,,
886,16.0,908.0,14.0,909.0,,,,,,,,,,,
887,14.0,1830.0,,,,,,,,,,,,,
888,2.0,388.0,16.0,162.0,,,,,,,,,,,
889,531.0,,,,,,,,,,,,,,
890,3.0,185.0,157.0,,,,,,,,,,,,
891,15.0,202.0,82.0,2.0,603.0,604.0,91.0,,,,,,,,
892,1831.0,161.0,1832.0,,,,,,,,,,,,
893,3.0,185.0,157.0,,,,,,,,,,,,
894,7.0,25.0,910.0,911.0,260.0,,,,,,,,,,
895,10.0,220.0,605.0,195.0,912.0,,,,,,,,,,
896,220.0,605.0,195.0,912.0,,,,,,,,,,,
897,33.0,884.0,14.0,1833.0,,,,,,,,,,,
898,4.0,388.0,14.0,27.0,,,,,,,,,,,
899,154.0,,,,,,,,,,,,,,
900,159.0,908.0,140.0,909.0,,,,,,,,,,,
901,6.0,1834.0,,,,,,,,,,,,,
902,3.0,185.0,157.0,101.0,,,,,,,,,,,
903,549.0,1835.0,1836.0,,,,,,,,,,,,
904,477.0,544.0,1837.0,,,,,,,,,,,,
905,1838.0,1839.0,1840.0,1841.0,913.0,1842.0,,,,,,,,,
906,17.0,91.0,356.0,325.0,,,,,,,,,,,
907,115.0,403.0,1843.0,914.0,423.0,1844.0,298.0,,,,,,,,
908,106.0,98.0,1845.0,392.0,1846.0,,,,,,,,,,
909,48.0,834.0,1847.0,15.0,1848.0,,,,,,,,,,
910,47.0,1849.0,1850.0,,,,,,,,,,,,
911,356.0,19.0,411.0,915.0,1851.0,,,,,,,,,,
912,250.0,34.0,445.0,1852.0,,,,,,,,,,,
913,34.0,147.0,340.0,,,,,,,,,,,,
914,1853.0,1854.0,,,,,,,,,,,,,
915,1855.0,1856.0,2.0,1857.0,381.0,,,,,,,,,,
916,1858.0,1859.0,346.0,1860.0,,,,,,,,,,,
917,65.0,30.0,1861.0,161.0,598.0,,,,,,,,,,
918,7.0,409.0,173.0,486.0,1862.0,916.0,,,,,,,,,
919,115.0,183.0,120.0,1863.0,174.0,,,,,,,,,,
920,346.0,17.0,1864.0,,,,,,,,,,,,
921,917.0,432.0,,,,,,,,,,,,,
922,346.0,2.0,255.0,1865.0,,,,,,,,,,,
923,48.0,1866.0,58.0,902.0,319.0,42.0,,,,,,,,,
924,2.0,191.0,69.0,918.0,1867.0,,,,,,,,,,
925,7.0,11.0,104.0,41.0,1868.0,1869.0,111.0,208.0,1870.0,,,,,,
926,148.0,10.0,1871.0,1872.0,2.0,732.0,,,,,,,,,
927,1873.0,80.0,1874.0,21.0,,,,,,,,,,,
928,603.0,2.0,1875.0,253.0,11.0,1876.0,,,,,,,,,
929,1877.0,1878.0,919.0,1879.0,1880.0,,,,,,,,,,
930,1881.0,1882.0,1883.0,,,,,,,,,,,,
931,85.0,5.0,49.0,606.0,1884.0,607.0,100.0,,,,,,,,
932,920.0,921.0,,,,,,,,,,,,,
933,198.0,5.0,922.0,26.0,,,,,,,,,,,
934,11.0,80.0,241.0,923.0,,,,,,,,,,,
935,3.0,259.0,59.0,372.0,1885.0,,,,,,,,,,
936,1886.0,15.0,608.0,1887.0,7.0,173.0,3.0,1888.0,,,,,,,
937,509.0,6.0,259.0,1889.0,,,,,,,,,,,
938,924.0,446.0,89.0,1890.0,797.0,,,,,,,,,,
939,2.0,741.0,14.0,91.0,,,,,,,,,,,
940,918.0,3.0,375.0,11.0,322.0,46.0,,,,,,,,,
941,51.0,186.0,,,,,,,,,,,,,
942,28.0,9.0,609.0,,,,,,,,,,,,
943,2.0,386.0,1891.0,380.0,68.0,,,,,,,,,,
944,12.0,51.0,18.0,15.0,1892.0,,,,,,,,,,
945,57.0,67.0,704.0,5.0,132.0,,,,,,,,,,
946,91.0,61.0,925.0,156.0,447.0,,,,,,,,,,
947,48.0,347.0,44.0,1893.0,,,,,,,,,,,
948,7.0,2.0,27.0,9.0,726.0,68.0,,,,,,,,,
949,12.0,171.0,1894.0,68.0,,,,,,,,,,,
950,48.0,142.0,4.0,1895.0,,,,,,,,,,,
951,390.0,1896.0,,,,,,,,,,,,,
952,448.0,82.0,1.0,95.0,,,,,,,,,,,
953,69.0,1897.0,51.0,1898.0,,,,,,,,,,,
954,1.0,1899.0,833.0,542.0,,,,,,,,,,,
955,390.0,117.0,258.0,,,,,,,,,,,,
956,15.0,6.0,76.0,44.0,1900.0,,,,,,,,,,
957,2.0,1901.0,123.0,37.0,,,,,,,,,,,
958,7.0,6.0,76.0,224.0,320.0,,,,,,,,,,
959,88.0,2.0,1902.0,,,,,,,,,,,,
960,1903.0,1904.0,,,,,,,,,,,,,
961,1905.0,1906.0,,,,,,,,,,,,,
962,131.0,9.0,926.0,7.0,,,,,,,,,,,
963,1907.0,1908.0,6.0,,,,,,,,,,,,
964,70.0,403.0,1909.0,120.0,,,,,,,,,,,
965,449.0,1910.0,340.0,120.0,,,,,,,,,,,
966,883.0,1911.0,19.0,4.0,578.0,72.0,18.0,,,,,,,,
967,61.0,100.0,1912.0,447.0,,,,,,,,,,,
968,312.0,268.0,1.0,,,,,,,,,,,,
969,39.0,610.0,8.0,,,,,,,,,,,,
970,183.0,610.0,8.0,,,,,,,,,,,,
971,64.0,804.0,123.0,193.0,17.0,150.0,,,,,,,,,
972,348.0,1913.0,18.0,,,,,,,,,,,,
973,64.0,1914.0,176.0,6.0,,,,,,,,,,,
974,40.0,97.0,1915.0,,,,,,,,,,,,
975,6.0,47.0,115.0,679.0,8.0,,,,,,,,,,
976,611.0,6.0,47.0,,,,,,,,,,,,
977,88.0,44.0,267.0,150.0,,,,,,,,,,,
978,6.0,47.0,115.0,1916.0,8.0,,,,,,,,,,
979,1917.0,1918.0,612.0,26.0,,,,,,,,,,,
980,613.0,927.0,46.0,,,,,,,,,,,,
981,1919.0,343.0,21.0,98.0,110.0,6.0,614.0,,,,,,,,
982,1.0,610.0,8.0,,,,,,,,,,,,
983,7.0,615.0,616.0,39.0,554.0,616.0,,,,,,,,,
984,7.0,44.0,1920.0,,,,,,,,,,,,
985,183.0,450.0,613.0,,,,,,,,,,,,
986,13.0,613.0,1921.0,8.0,,,,,,,,,,,
987,1.0,70.0,15.0,826.0,,,,,,,,,,,
988,1922.0,43.0,411.0,,,,,,,,,,,,
989,224.0,771.0,617.0,434.0,,,,,,,,,,,
990,2.0,234.0,1923.0,617.0,434.0,,,,,,,,,,
991,3.0,8.0,618.0,21.0,127.0,16.0,,,,,,,,,
992,2.0,1924.0,1925.0,,,,,,,,,,,,
993,65.0,14.0,31.0,,,,,,,,,,,,
994,562.0,1926.0,,,,,,,,,,,,,
995,1927.0,118.0,,,,,,,,,,,,,
996,177.0,29.0,928.0,5.0,,,,,,,,,,,
997,619.0,619.0,,,,,,,,,,,,,
998,2.0,22.0,1928.0,82.0,,,,,,,,,,,
999,11.0,16.0,619.0,,,,,,,,,,,,
1000,27.0,929.0,620.0,,,,,,,,,,,,
1001,1929.0,1930.0,,,,,,,,,,,,,
1002,49.0,1931.0,6.0,694.0,,,,,,,,,,,
1003,34.0,43.0,2.0,3.0,,,,,,,,,,,
1004,2.0,22.0,525.0,,,,,,,,,,,,
1005,126.0,853.0,,,,,,,,,,,,,
1006,1932.0,1933.0,,,,,,,,,,,,,
1007,4.0,22.0,1934.0,8.0,,,,,,,,,,,
1008,930.0,1935.0,89.0,,,,,,,,,,,,
1009,14.0,904.0,,,,,,,,,,,,,
1010,1936.0,1937.0,1938.0,,,,,,,,,,,,
1011,35.0,1939.0,,,,,,,,,,,,,
1012,1940.0,16.0,189.0,,,,,,,,,,,,
1013,57.0,133.0,1941.0,335.0,,,,,,,,,,,
1014,25.0,154.0,,,,,,,,,,,,,
1015,112.0,518.0,1942.0,,,,,,,,,,,,
1016,1943.0,1944.0,1945.0,,,,,,,,,,,,
1017,621.0,126.0,,,,,,,,,,,,,
1018,243.0,146.0,1946.0,,,,,,,,,,,,
1019,1947.0,852.0,1948.0,,,,,,,,,,,,
1020,1949.0,51.0,,,,,,,,,,,,,
1021,57.0,324.0,1950.0,219.0,,,,,,,,,,,
1022,514.0,31.0,865.0,,,,,,,,,,,,
1023,5.0,1951.0,1952.0,,,,,,,,,,,,
1024,96.0,451.0,,,,,,,,,,,,,
1025,12.0,931.0,,,,,,,,,,,,,
1026,20.0,96.0,451.0,,,,,,,,,,,,
1027,362.0,530.0,1953.0,,,,,,,,,,,,
1028,622.0,56.0,,,,,,,,,,,,,
1029,177.0,21.0,451.0,,,,,,,,,,,,
1030,622.0,288.0,,,,,,,,,,,,,
1031,203.0,623.0,1954.0,,,,,,,,,,,,
1032,191.0,231.0,586.0,254.0,18.0,,,,,,,,,,
1033,2.0,22.0,1955.0,38.0,,,,,,,,,,,
1034,1956.0,12.0,1957.0,,,,,,,,,,,,
1035,622.0,56.0,1958.0,,,,,,,,,,,,
1036,624.0,624.0,,,,,,,,,,,,,
1037,26.0,1959.0,,,,,,,,,,,,,
1038,372.0,1960.0,1961.0,1962.0,,,,,,,,,,,
1039,36.0,59.0,1963.0,125.0,,,,,,,,,,,
1040,2.0,625.0,12.0,625.0,,,,,,,,,,,
1041,13.0,932.0,1964.0,625.0,1965.0,1966.0,,,,,,,,,
1042,22.0,396.0,9.0,302.0,375.0,,,,,,,,,,
1043,234.0,28.0,452.0,,,,,,,,,,,,
1044,266.0,66.0,43.0,215.0,,,,,,,,,,,
1045,22.0,1967.0,203.0,10.0,1968.0,,,,,,,,,,
1046,135.0,2.0,1969.0,806.0,,,,,,,,,,,
1047,234.0,28.0,452.0,326.0,444.0,113.0,,,,,,,,,
1048,194.0,545.0,,,,,,,,,,,,,
1049,1970.0,19.0,1971.0,20.0,41.0,96.0,1972.0,,,,,,,,
1050,7.0,122.0,626.0,,,,,,,,,,,,
1051,15.0,283.0,1973.0,,,,,,,,,,,,
1052,1974.0,933.0,1975.0,,,,,,,,,,,,
1053,99.0,96.0,453.0,38.0,,,,,,,,,,,
1054,554.0,378.0,1976.0,,,,,,,,,,,,
1055,2.0,22.0,1977.0,,,,,,,,,,,,
1056,1978.0,372.0,1979.0,,,,,,,,,,,,
1057,41.0,1980.0,934.0,,,,,,,,,,,,
1058,1981.0,174.0,450.0,,,,,,,,,,,,
1059,10.0,1982.0,72.0,243.0,5.0,,,,,,,,,,
1060,107.0,627.0,935.0,473.0,,,,,,,,,,,
1061,1983.0,30.0,60.0,1984.0,13.0,1985.0,,,,,,,,,
1062,1986.0,227.0,839.0,,,,,,,,,,,,
1063,303.0,1987.0,28.0,,,,,,,,,,,,
1064,696.0,936.0,,,,,,,,,,,,,
1065,3.0,28.0,452.0,,,,,,,,,,,,
1066,266.0,937.0,443.0,,,,,,,,,,,,
1067,191.0,1988.0,,,,,,,,,,,,,
1068,22.0,,,,,,,,,,,,,,
1069,3.0,28.0,452.0,326.0,444.0,113.0,,,,,,,,,
1070,194.0,545.0,,,,,,,,,,,,,
1071,122.0,626.0,,,,,,,,,,,,,
1072,96.0,524.0,5.0,,,,,,,,,,,,
1073,938.0,121.0,56.0,,,,,,,,,,,,
1074,289.0,10.0,1989.0,,,,,,,,,,,,
1075,13.0,96.0,1990.0,5.0,,,,,,,,,,,
1076,8.0,1991.0,5.0,,,,,,,,,,,,
1077,135.0,56.0,,,,,,,,,,,,,
1078,939.0,939.0,11.0,165.0,,,,,,,,,,,
1079,198.0,269.0,940.0,,,,,,,,,,,,
1080,57.0,276.0,67.0,353.0,,,,,,,,,,,
1081,447.0,547.0,1992.0,,,,,,,,,,,,
1082,1993.0,1994.0,,,,,,,,,,,,,
1083,198.0,1995.0,940.0,,,,,,,,,,,,
1084,10.0,628.0,130.0,1996.0,,,,,,,,,,,
1085,328.0,328.0,1997.0,,,,,,,,,,,,
1086,3.0,872.0,4.0,3.0,,,,,,,,,,,
1087,2.0,1998.0,629.0,1999.0,4.0,16.0,,,,,,,,,
1088,2000.0,2.0,2.0,2001.0,,,,,,,,,,,
1089,2002.0,2.0,52.0,,,,,,,,,,,,
1090,628.0,130.0,10.0,628.0,130.0,,,,,,,,,,
1091,2003.0,2004.0,,,,,,,,,,,,,
1092,198.0,5.0,348.0,224.0,333.0,14.0,,,,,,,,,
1093,3.0,178.0,941.0,41.0,718.0,,,,,,,,,,
1094,33.0,942.0,33.0,942.0,,,,,,,,,,,
1095,140.0,403.0,170.0,,,,,,,,,,,,
1096,3.0,2005.0,170.0,,,,,,,,,,,,
1097,2006.0,41.0,152.0,33.0,2007.0,,,,,,,,,,
1098,140.0,52.0,2.0,802.0,,,,,,,,,,,
1099,3.0,178.0,941.0,,,,,,,,,,,,
1100,17.0,51.0,59.0,,,,,,,,,,,,
1101,2008.0,58.0,5.0,19.0,,,,,,,,,,,
1102,160.0,12.0,943.0,,,,,,,,,,,,
1103,794.0,,,,,,,,,,,,,,
1104,2009.0,10.0,235.0,5.0,,,,,,,,,,,
1105,10.0,247.0,2010.0,,,,,,,,,,,,
1106,101.0,2.0,209.0,1.0,750.0,,,,,,,,,,
1107,25.0,9.0,2011.0,87.0,,,,,,,,,,,
1108,63.0,57.0,82.0,454.0,,,,,,,,,,,
1109,143.0,52.0,2012.0,47.0,144.0,,,,,,,,,,
1110,329.0,95.0,170.0,,,,,,,,,,,,
1111,1.0,65.0,,,,,,,,,,,,,
1112,2013.0,2014.0,19.0,,,,,,,,,,,,
1113,89.0,2015.0,,,,,,,,,,,,,
1114,160.0,9.0,,,,,,,,,,,,,
1115,25.0,9.0,34.0,325.0,,,,,,,,,,,
1116,2.0,65.0,,,,,,,,,,,,,
1117,2016.0,35.0,,,,,,,,,,,,,
1118,2017.0,182.0,,,,,,,,,,,,,
1119,7.0,9.0,65.0,,,,,,,,,,,,
1120,1.0,51.0,24.0,26.0,2.0,40.0,,,,,,,,,
1121,147.0,1.0,62.0,538.0,145.0,455.0,,,,,,,,,
1122,7.0,9.0,,,,,,,,,,,,,
1123,12.0,2018.0,11.0,139.0,153.0,,,,,,,,,,
1124,95.0,170.0,,,,,,,,,,,,,
1125,20.0,,,,,,,,,,,,,,
1126,269.0,2019.0,454.0,,,,,,,,,,,,
1127,24.0,944.0,,,,,,,,,,,,,
1128,160.0,9.0,3.0,,,,,,,,,,,,
1129,101.0,1.0,,,,,,,,,,,,,
1130,2.0,65.0,,,,,,,,,,,,,
1131,851.0,424.0,24.0,26.0,,,,,,,,,,,
1132,2020.0,73.0,,,,,,,,,,,,,
1133,1.0,3.0,65.0,,,,,,,,,,,,
1134,49.0,213.0,,,,,,,,,,,,,
1135,6.0,10.0,49.0,213.0,,,,,,,,,,,
1136,2021.0,206.0,49.0,860.0,,,,,,,,,,,
1137,44.0,2022.0,24.0,,,,,,,,,,,,
1138,4.0,17.0,945.0,,,,,,,,,,,,
1139,107.0,241.0,152.0,275.0,946.0,,,,,,,,,,
1140,2023.0,17.0,,,,,,,,,,,,,
1141,347.0,534.0,146.0,211.0,,,,,,,,,,,
1142,146.0,116.0,,,,,,,,,,,,,
1143,22.0,24.0,2024.0,,,,,,,,,,,,
1144,324.0,220.0,2025.0,,,,,,,,,,,,
1145,61.0,32.0,415.0,789.0,947.0,125.0,,,,,,,,,
1146,146.0,948.0,2026.0,,,,,,,,,,,,
1147,363.0,112.0,,,,,,,,,,,,,
1148,27.0,2027.0,11.0,548.0,2028.0,,,,,,,,,,
1149,2029.0,511.0,278.0,,,,,,,,,,,,
1150,117.0,456.0,117.0,456.0,,,,,,,,,,,
1151,2030.0,27.0,244.0,,,,,,,,,,,,
1152,142.0,10.0,328.0,,,,,,,,,,,,
1153,12.0,943.0,166.0,,,,,,,,,,,,
1154,2031.0,2032.0,,,,,,,,,,,,,
1155,20.0,526.0,2033.0,,,,,,,,,,,,
1156,49.0,213.0,49.0,213.0,,,,,,,,,,,
1157,112.0,2034.0,,,,,,,,,,,,,
1158,20.0,326.0,30.0,10.0,2035.0,,,,,,,,,,
1159,9.0,134.0,9.0,134.0,,,,,,,,,,,
1160,134.0,134.0,,,,,,,,,,,,,
1161,2036.0,146.0,73.0,202.0,,,,,,,,,,,
1162,41.0,548.0,520.0,19.0,,,,,,,,,,,
1163,126.0,566.0,19.0,,,,,,,,,,,,
1164,54.0,92.0,10.0,2037.0,,,,,,,,,,,
1165,61.0,272.0,226.0,,,,,,,,,,,,
1166,225.0,2.0,272.0,226.0,,,,,,,,,,,
1167,2.0,272.0,226.0,,,,,,,,,,,,
1168,13.0,59.0,785.0,24.0,630.0,,,,,,,,,,
1169,17.0,272.0,228.0,28.0,,,,,,,,,,,
1170,63.0,85.0,228.0,28.0,,,,,,,,,,,
1171,106.0,945.0,61.0,39.0,2038.0,,,,,,,,,,
1172,232.0,45.0,1.0,,,,,,,,,,,,
1173,2039.0,238.0,445.0,7.0,,,,,,,,,,,
1174,685.0,49.0,631.0,,,,,,,,,,,,
1175,2040.0,1.0,,,,,,,,,,,,,
1176,9.0,2041.0,,,,,,,,,,,,,
1177,404.0,2042.0,,,,,,,,,,,,,
1178,2043.0,9.0,2044.0,300.0,,,,,,,,,,,
1179,949.0,735.0,949.0,,,,,,,,,,,,
1180,6.0,2045.0,87.0,,,,,,,,,,,,
1181,197.0,7.0,81.0,9.0,950.0,577.0,,,,,,,,,
1182,271.0,41.0,520.0,,,,,,,,,,,,
1183,108.0,216.0,108.0,377.0,,,,,,,,,,,
1184,590.0,208.0,2046.0,,,,,,,,,,,,
1185,2047.0,2048.0,890.0,,,,,,,,,,,,
1186,13.0,146.0,73.0,,,,,,,,,,,,
1187,142.0,2049.0,,,,,,,,,,,,,
1188,951.0,30.0,10.0,2050.0,,,,,,,,,,,
1189,565.0,565.0,,,,,,,,,,,,,
1190,952.0,952.0,,,,,,,,,,,,,
1191,198.0,5.0,25.0,2051.0,,,,,,,,,,,
1192,611.0,2052.0,69.0,47.0,,,,,,,,,,,
1193,844.0,2053.0,916.0,,,,,,,,,,,,
1194,482.0,47.0,116.0,344.0,,,,,,,,,,,
1195,564.0,2054.0,210.0,,,,,,,,,,,,
1196,148.0,2055.0,4.0,,,,,,,,,,,,
1197,60.0,2056.0,24.0,,,,,,,,,,,,
1198,239.0,6.0,47.0,,,,,,,,,,,,
1199,50.0,96.0,2057.0,84.0,,,,,,,,,,,
1200,2058.0,632.0,953.0,,,,,,,,,,,,
1201,261.0,2059.0,90.0,,,,,,,,,,,,
1202,57.0,2060.0,328.0,954.0,,,,,,,,,,,
1203,633.0,127.0,105.0,2061.0,,,,,,,,,,,
1204,4.0,634.0,16.0,38.0,,,,,,,,,,,
1205,2062.0,2063.0,,,,,,,,,,,,,
1206,25.0,955.0,100.0,956.0,,,,,,,,,,,
1207,2064.0,591.0,275.0,456.0,2065.0,812.0,956.0,,,,,,,,
1208,2066.0,138.0,957.0,77.0,2067.0,163.0,,,,,,,,,
1209,146.0,394.0,2068.0,,,,,,,,,,,,
1210,10.0,306.0,307.0,,,,,,,,,,,,
1211,73.0,828.0,90.0,,,,,,,,,,,,
1212,2069.0,2070.0,188.0,,,,,,,,,,,,
1213,903.0,156.0,27.0,2071.0,,,,,,,,,,,
1214,148.0,2.0,32.0,167.0,,,,,,,,,,,
1215,57.0,240.0,958.0,,,,,,,,,,,,
1216,45.0,2072.0,,,,,,,,,,,,,
1217,110.0,582.0,635.0,223.0,,,,,,,,,,,
1218,20.0,45.0,10.0,2073.0,,,,,,,,,,,
1219,13.0,530.0,636.0,1.0,4.0,130.0,,,,,,,,,
1220,16.0,6.0,8.0,25.0,15.0,2074.0,,,,,,,,,
1221,2075.0,17.0,150.0,,,,,,,,,,,,
1222,81.0,762.0,21.0,2076.0,,,,,,,,,,,
1223,144.0,253.0,185.0,73.0,199.0,2077.0,572.0,,,,,,,,
1224,50.0,215.0,20.0,40.0,2078.0,,,,,,,,,,
1225,2079.0,216.0,2080.0,103.0,,,,,,,,,,,
1226,71.0,20.0,2081.0,,,,,,,,,,,,
1227,148.0,2.0,32.0,167.0,,,,,,,,,,,
1228,57.0,240.0,958.0,,,,,,,,,,,,
1229,46.0,205.0,141.0,383.0,,,,,,,,,,,
1230,117.0,2082.0,2083.0,2084.0,,,,,,,,,,,
1231,959.0,960.0,181.0,168.0,,,,,,,,,,,
1232,314.0,273.0,961.0,117.0,290.0,,,,,,,,,,
1233,962.0,181.0,637.0,457.0,,,,,,,,,,,
1234,428.0,141.0,137.0,7.0,,,,,,,,,,,
1235,1.0,4.0,54.0,435.0,,,,,,,,,,,
1236,102.0,102.0,102.0,963.0,,,,,,,,,,,
1237,964.0,965.0,,,,,,,,,,,,,
1238,230.0,230.0,230.0,589.0,28.0,,,,,,,,,,
1239,156.0,32.0,966.0,2085.0,,,,,,,,,,,
1240,276.0,67.0,116.0,,,,,,,,,,,,
1241,102.0,102.0,240.0,638.0,,,,,,,,,,,
1242,35.0,169.0,,,,,,,,,,,,,
1243,337.0,128.0,118.0,179.0,179.0,179.0,,,,,,,,,
1244,967.0,53.0,45.0,,,,,,,,,,,,
1245,968.0,969.0,970.0,349.0,,,,,,,,,,,
1246,46.0,639.0,9.0,,,,,,,,,,,,
1247,971.0,206.0,26.0,54.0,,,,,,,,,,,
1248,972.0,563.0,71.0,35.0,338.0,973.0,26.0,,,,,,,,
1249,974.0,334.0,975.0,,,,,,,,,,,,
1250,1.0,4.0,811.0,458.0,,,,,,,,,,,
1251,86.0,41.0,116.0,976.0,,,,,,,,,,,
1252,136.0,640.0,977.0,56.0,,,,,,,,,,,
1253,101.0,262.0,304.0,,,,,,,,,,,,
1254,13.0,24.0,26.0,101.0,,,,,,,,,,,
1255,12.0,209.0,978.0,641.0,,,,,,,,,,,
1256,232.0,124.0,59.0,979.0,641.0,,,,,,,,,,
1257,2086.0,43.0,13.0,54.0,155.0,74.0,535.0,,,,,,,,
1258,88.0,333.0,25.0,26.0,,,,,,,,,,,
1259,4.0,118.0,,,,,,,,,,,,,
1260,229.0,980.0,,,,,,,,,,,,,
1261,981.0,419.0,,,,,,,,,,,,,
1262,86.0,482.0,111.0,,,,,,,,,,,,
1263,12.0,23.0,6.0,2087.0,,,,,,,,,,,
1264,957.0,2088.0,982.0,6.0,,,,,,,,,,,
1265,12.0,23.0,309.0,158.0,,,,,,,,,,,
1266,46.0,2.0,32.0,167.0,,,,,,,,,,,
1267,983.0,2.0,32.0,167.0,,,,,,,,,,,
1268,190.0,399.0,2089.0,19.0,2090.0,,,,,,,,,,
1269,27.0,2091.0,55.0,,,,,,,,,,,,
1270,951.0,30.0,2092.0,2093.0,597.0,,,,,,,,,,
1271,640.0,33.0,2094.0,55.0,,,,,,,,,,,
1272,11.0,237.0,2095.0,162.0,751.0,,,,,,,,,,
1273,2.0,200.0,2096.0,2097.0,55.0,,,,,,,,,,
1274,70.0,408.0,2098.0,176.0,,,,,,,,,,,
1275,2099.0,2100.0,55.0,,,,,,,,,,,,
1276,633.0,6.0,15.0,332.0,28.0,,,,,,,,,,
1277,17.0,287.0,92.0,188.0,,,,,,,,,,,
1278,229.0,980.0,981.0,419.0,,,,,,,,,,,
1279,615.0,2101.0,,,,,,,,,,,,,
1280,342.0,2102.0,927.0,2103.0,55.0,,,,,,,,,,
1281,405.0,70.0,,,,,,,,,,,,,
1282,408.0,2104.0,12.0,542.0,,,,,,,,,,,
1283,93.0,350.0,641.0,,,,,,,,,,,,
1284,354.0,133.0,2105.0,,,,,,,,,,,,
1285,27.0,2106.0,,,,,,,,,,,,,
1286,86.0,39.0,984.0,174.0,2107.0,,,,,,,,,,
1287,3.0,2108.0,1.0,4.0,6.0,,,,,,,,,,
1288,12.0,137.0,75.0,29.0,2109.0,274.0,,,,,,,,,
1289,985.0,2110.0,,,,,,,,,,,,,
1290,10.0,31.0,76.0,982.0,6.0,,,,,,,,,,
1291,115.0,2.0,32.0,167.0,,,,,,,,,,,
1292,412.0,459.0,291.0,36.0,986.0,5.0,987.0,221.0,,,,,,,
1293,4.0,11.0,988.0,642.0,50.0,621.0,18.0,,,,,,,,
1294,7.0,94.0,74.0,2111.0,867.0,64.0,1.0,922.0,55.0,,,,,,
1295,11.0,390.0,99.0,31.0,2112.0,,,,,,,,,,
1296,1.0,808.0,208.0,402.0,2113.0,2114.0,,,,,,,,,
1297,83.0,89.0,34.0,97.0,55.0,,,,,,,,,,
1298,121.0,74.0,2115.0,396.0,2116.0,78.0,,,,,,,,,
1299,60.0,2117.0,406.0,620.0,406.0,,,,,,,,,,
1300,25.0,423.0,2118.0,55.0,,,,,,,,,,,
1301,2.0,160.0,106.0,2119.0,1.0,643.0,78.0,,,,,,,,
1302,412.0,459.0,291.0,36.0,986.0,5.0,987.0,221.0,,,,,,,
1303,7.0,11.0,988.0,642.0,50.0,621.0,18.0,,,,,,,,
1304,587.0,2120.0,121.0,989.0,2121.0,279.0,,,,,,,,,
1305,2122.0,2.0,22.0,26.0,9.0,827.0,84.0,,,,,,,,
1306,107.0,929.0,436.0,2123.0,,,,,,,,,,,
1307,515.0,88.0,2124.0,196.0,55.0,,,,,,,,,,
1308,195.0,593.0,31.0,2125.0,1.0,3.0,72.0,78.0,,,,,,,
1309,129.0,69.0,83.0,281.0,607.0,263.0,37.0,384.0,,,,,,,
1310,7.0,22.0,100.0,990.0,39.0,99.0,100.0,,,,,,,,
1311,41.0,20.0,33.0,34.0,,,,,,,,,,,
1312,5.0,294.0,264.0,294.0,,,,,,,,,,,
1313,69.0,991.0,,,,,,,,,,,,,
1314,27.0,2126.0,192.0,2.0,2127.0,99.0,2128.0,,,,,,,,
1315,7.0,88.0,1.0,2129.0,260.0,68.0,,,,,,,,,
1316,25.0,15.0,2130.0,114.0,8.0,,,,,,,,,,
1317,237.0,27.0,498.0,,,,,,,,,,,,
1318,4.0,2131.0,170.0,1.0,332.0,,,,,,,,,,
1319,10.0,2132.0,2133.0,,,,,,,,,,,,
1320,5.0,1.0,2134.0,120.0,94.0,4.0,123.0,,,,,,,,
1321,16.0,2135.0,51.0,2.0,6.0,,,,,,,,,,
1322,9.0,62.0,37.0,2136.0,992.0,42.0,,,,,,,,,
1323,433.0,107.0,60.0,2137.0,,,,,,,,,,,
1324,2138.0,256.0,60.0,2139.0,,,,,,,,,,,
1325,44.0,993.0,994.0,,,,,,,,,,,,
1326,20.0,15.0,2140.0,77.0,255.0,381.0,,,,,,,,,
1327,9.0,2141.0,360.0,249.0,343.0,,,,,,,,,,
1328,28.0,15.0,871.0,2142.0,2143.0,7.0,,,,,,,,,
1329,995.0,2144.0,,,,,,,,,,,,,
1330,2145.0,200.0,2146.0,1.0,,,,,,,,,,,
1331,45.0,364.0,2147.0,2148.0,138.0,,,,,,,,,,
1332,2149.0,137.0,,,,,,,,,,,,,
1333,15.0,2150.0,2151.0,2152.0,13.0,994.0,,,,,,,,,
1334,60.0,13.0,2153.0,44.0,993.0,349.0,1.0,,,,,,,,
1335,349.0,1.0,,,,,,,,,,,,,
1336,32.0,2154.0,1.0,4.0,124.0,,,,,,,,,,
1337,89.0,21.0,996.0,19.0,1.0,42.0,100.0,2.0,27.0,,,,,,
1338,146.0,40.0,763.0,27.0,,,,,,,,,,,
1339,2155.0,2156.0,593.0,2157.0,7.0,,,,,,,,,,
1340,6.0,253.0,19.0,91.0,11.0,74.0,196.0,,,,,,,,
1341,81.0,1.0,997.0,56.0,288.0,,,,,,,,,,
1342,125.0,2158.0,231.0,158.0,,,,,,,,,,,
1343,2159.0,2160.0,2161.0,2162.0,11.0,2163.0,,,,,,,,,
1344,2164.0,2165.0,38.0,7.0,6.0,29.0,120.0,,,,,,,,
1345,139.0,2166.0,,,,,,,,,,,,,
1346,2167.0,200.0,431.0,,,,,,,,,,,,
1347,2168.0,19.0,,,,,,,,,,,,,
1348,4.0,66.0,953.0,,,,,,,,,,,,
1349,149.0,14.0,889.0,2169.0,18.0,,,,,,,,,,
1350,4.0,60.0,998.0,999.0,228.0,,,,,,,,,,
1351,348.0,35.0,2170.0,2171.0,,,,,,,,,,,
1352,22.0,2172.0,,,,,,,,,,,,,
1353,4.0,54.0,2173.0,,,,,,,,,,,,
1354,142.0,2174.0,445.0,,,,,,,,,,,,
1355,420.0,2175.0,82.0,16.0,,,,,,,,,,,
1356,4.0,2176.0,480.0,999.0,228.0,,,,,,,,,,
1357,314.0,2177.0,2178.0,792.0,,,,,,,,,,,
1358,204.0,351.0,82.0,11.0,16.0,,,,,,,,,,
1359,204.0,677.0,,,,,,,,,,,,,
1360,204.0,2179.0,11.0,16.0,,,,,,,,,,,
1361,2180.0,2181.0,,,,,,,,,,,,,
1362,64.0,33.0,2182.0,,,,,,,,,,,,
1363,22.0,44.0,2183.0,,,,,,,,,,,,
1364,149.0,14.0,2184.0,97.0,18.0,,,,,,,,,,
1365,60.0,2185.0,445.0,,,,,,,,,,,,
1366,761.0,55.0,1000.0,2186.0,,,,,,,,,,,
1367,1001.0,2187.0,80.0,2.0,299.0,80.0,,,,,,,,,
1368,86.0,54.0,2188.0,2189.0,796.0,,,,,,,,,,
1369,86.0,54.0,2190.0,427.0,,,,,,,,,,,
1370,1002.0,10.0,249.0,374.0,203.0,2191.0,,,,,,,,,
1371,1002.0,644.0,504.0,,,,,,,,,,,,
1372,2192.0,2193.0,,,,,,,,,,,,,
1373,106.0,644.0,2194.0,,,,,,,,,,,,
1374,106.0,2195.0,2196.0,,,,,,,,,,,,
1375,187.0,460.0,252.0,2197.0,2198.0,103.0,,,,,,,,,
1376,187.0,460.0,176.0,2199.0,8.0,105.0,,,,,,,,,
1377,50.0,2200.0,2201.0,886.0,35.0,2202.0,,,,,,,,,
1378,2203.0,2204.0,2205.0,2206.0,2207.0,,,,,,,,,,
1379,2208.0,1003.0,1004.0,1005.0,2209.0,2210.0,,,,,,,,,
1380,2211.0,2212.0,1005.0,2213.0,2214.0,,,,,,,,,,
1381,106.0,2215.0,2216.0,,,,,,,,,,,,
1382,106.0,2217.0,383.0,,,,,,,,,,,,
1383,187.0,460.0,2.0,80.0,2218.0,103.0,,,,,,,,,
1384,36.0,2219.0,2220.0,645.0,36.0,2221.0,,,,,,,,,
1385,490.0,95.0,2222.0,1.0,105.0,,,,,,,,,,
1386,1.0,2.0,3.0,,,,,,,,,,,,
1387,10.0,2223.0,,,,,,,,,,,,,
1388,147.0,1.0,225.0,21.0,2224.0,,,,,,,,,,
1389,646.0,68.0,131.0,,,,,,,,,,,,
1390,2.0,52.0,1006.0,,,,,,,,,,,,
1391,489.0,1007.0,,,,,,,,,,,,,
1392,94.0,164.0,2225.0,9.0,88.0,333.0,5.0,,,,,,,,
1393,133.0,2226.0,2227.0,16.0,,,,,,,,,,,
1394,307.0,273.0,2228.0,,,,,,,,,,,,
1395,110.0,6.0,76.0,2229.0,,,,,,,,,,,
1396,1.0,6.0,47.0,627.0,2.0,32.0,167.0,2230.0,,,,,,,
1397,646.0,68.0,,,,,,,,,,,,,
1398,131.0,2.0,52.0,1006.0,,,,,,,,,,,
1399,9.0,2231.0,2.0,22.0,422.0,21.0,42.0,,,,,,,,
1400,145.0,225.0,1008.0,93.0,176.0,205.0,,,,,,,,,
1401,2.0,51.0,18.0,15.0,100.0,454.0,,,,,,,,,
1402,1.0,2232.0,90.0,,,,,,,,,,,,
1403,13.0,59.0,576.0,7.0,75.0,1009.0,,,,,,,,,
1404,2233.0,237.0,16.0,162.0,,,,,,,,,,,
1405,1.0,647.0,2234.0,68.0,,,,,,,,,,,
1406,156.0,218.0,41.0,264.0,2235.0,,,,,,,,,,
1407,147.0,2.0,27.0,1.0,533.0,,,,,,,,,,
1408,33.0,2236.0,48.0,,,,,,,,,,,,
1409,60.0,1010.0,98.0,2237.0,,,,,,,,,,,
1410,109.0,461.0,461.0,,,,,,,,,,,,
1411,4.0,109.0,461.0,461.0,109.0,2238.0,,,,,,,,,
1412,107.0,2239.0,8.0,,,,,,,,,,,,
1413,16.0,43.0,2240.0,2241.0,2242.0,,,,,,,,,,
1414,340.0,2243.0,462.0,,,,,,,,,,,,
1415,107.0,2244.0,8.0,,,,,,,,,,,,
1416,14.0,2245.0,14.0,,,,,,,,,,,,
1417,281.0,72.0,51.0,648.0,462.0,,,,,,,,,,
1418,203.0,649.0,30.0,14.0,,,,,,,,,,,
1419,201.0,72.0,51.0,78.0,462.0,,,,,,,,,,
1420,27.0,2246.0,5.0,189.0,753.0,995.0,,,,,,,,,
1421,11.0,2247.0,462.0,,,,,,,,,,,,
1422,203.0,649.0,30.0,14.0,201.0,72.0,,,,,,,,,
1423,51.0,78.0,,,,,,,,,,,,,
1424,778.0,326.0,564.0,2248.0,,,,,,,,,,,
1425,2.0,47.0,60.0,505.0,9.0,2249.0,,,,,,,,,
1426,200.0,2250.0,1.0,458.0,,,,,,,,,,,
1427,2251.0,210.0,2252.0,39.0,113.0,2253.0,,,,,,,,,
1428,91.0,66.0,2254.0,,,,,,,,,,,,
1429,7.0,9.0,2255.0,635.0,18.0,,,,,,,,,,
1430,17.0,150.0,11.0,108.0,235.0,582.0,,,,,,,,,
1431,83.0,2256.0,97.0,2257.0,,,,,,,,,,,
1432,83.0,3.0,2258.0,,,,,,,,,,,,
1433,9.0,3.0,77.0,228.0,,,,,,,,,,,
1434,3.0,463.0,,,,,,,,,,,,,
1435,129.0,709.0,,,,,,,,,,,,,
1436,2259.0,832.0,34.0,79.0,7.0,,,,,,,,,,
1437,2260.0,218.0,10.0,139.0,2261.0,,,,,,,,,,
1438,2262.0,1011.0,681.0,62.0,165.0,2263.0,,,,,,,,,
1439,110.0,6.0,43.0,612.0,2264.0,,,,,,,,,,
1440,2265.0,139.0,2266.0,421.0,54.0,300.0,,,,,,,,,
1441,7.0,10.0,472.0,635.0,18.0,,,,,,,,,,
1442,36.0,313.0,36.0,313.0,83.0,,,,,,,,,,
1443,1.0,367.0,368.0,32.0,2267.0,2268.0,,,,,,,,,
1444,2.0,1.0,,,,,,,,,,,,,
1445,650.0,17.0,168.0,870.0,3.0,,,,,,,,,,
1446,15.0,2269.0,19.0,,,,,,,,,,,,
1447,643.0,1012.0,,,,,,,,,,,,,
1448,330.0,30.0,,,,,,,,,,,,,
1449,2270.0,2271.0,4.0,,,,,,,,,,,,
1450,173.0,539.0,2272.0,,,,,,,,,,,,
1451,266.0,2273.0,292.0,2274.0,2275.0,138.0,127.0,18.0,,,,,,,
1452,2276.0,2277.0,130.0,651.0,208.0,79.0,,,,,,,,,
1453,13.0,178.0,706.0,,,,,,,,,,,,
1454,2278.0,15.0,503.0,1013.0,221.0,,,,,,,,,,
1455,98.0,521.0,2279.0,2280.0,193.0,,,,,,,,,,
1456,2.0,25.0,26.0,1.0,652.0,42.0,,,,,,,,,
1457,12.0,550.0,2.0,3.0,651.0,208.0,79.0,,,,,,,,
1458,13.0,178.0,653.0,7.0,110.0,648.0,79.0,,,,,,,,
1459,2281.0,2.0,128.0,26.0,9.0,455.0,,,,,,,,,
1460,2282.0,1.0,652.0,42.0,,,,,,,,,,,
1461,12.0,550.0,2.0,3.0,651.0,208.0,79.0,,,,,,,,
1462,2283.0,2284.0,20.0,2285.0,13.0,295.0,43.0,2286.0,,,,,,,
1463,13.0,178.0,7.0,1009.0,,,,,,,,,,,
1464,33.0,1014.0,77.0,12.0,2.0,27.0,10.0,1014.0,,,,,,,
1465,13.0,178.0,653.0,7.0,110.0,648.0,79.0,,,,,,,,
1466,63.0,217.0,2287.0,,,,,,,,,,,,
1467,2.0,58.0,2288.0,,,,,,,,,,,,
1468,2289.0,20.0,2290.0,,,,,,,,,,,,
1469,243.0,5.0,110.0,2291.0,47.0,,,,,,,,,,
1470,148.0,1015.0,654.0,1.0,,,,,,,,,,,
1471,92.0,2292.0,257.0,,,,,,,,,,,,
1472,231.0,205.0,84.0,,,,,,,,,,,,
1473,104.0,280.0,2293.0,2294.0,,,,,,,,,,,
1474,147.0,1016.0,,,,,,,,,,,,,
1475,2295.0,1017.0,185.0,,,,,,,,,,,,
1476,61.0,132.0,,,,,,,,,,,,,
1477,406.0,122.0,127.0,,,,,,,,,,,,
1478,1.0,181.0,240.0,132.0,,,,,,,,,,,
1479,98.0,9.0,305.0,2296.0,227.0,90.0,,,,,,,,,
1480,1.0,2297.0,34.0,463.0,,,,,,,,,,,
1481,1018.0,2298.0,,,,,,,,,,,,,
1482,119.0,2299.0,2300.0,,,,,,,,,,,,
1483,2301.0,,,,,,,,,,,,,,
1484,9.0,72.0,78.0,,,,,,,,,,,,
1485,11.0,59.0,2302.0,,,,,,,,,,,,
1486,2303.0,58.0,2304.0,2305.0,2306.0,,,,,,,,,,
1487,109.0,109.0,109.0,109.0,4.0,,,,,,,,,,
1488,109.0,109.0,109.0,,,,,,,,,,,,
1489,109.0,109.0,109.0,4.0,,,,,,,,,,,
1490,959.0,960.0,181.0,168.0,314.0,273.0,961.0,117.0,290.0,,,,,,
1491,962.0,181.0,637.0,457.0,428.0,141.0,137.0,7.0,,,,,,,
1492,1.0,4.0,54.0,435.0,,,,,,,,,,,
1493,102.0,102.0,102.0,963.0,964.0,965.0,230.0,230.0,230.0,589.0,28.0,,,,
1494,573.0,111.0,102.0,102.0,240.0,638.0,35.0,169.0,337.0,128.0,118.0,179.0,179.0,179.0,
1495,967.0,53.0,45.0,968.0,969.0,970.0,349.0,,,,,,,,
1496,46.0,639.0,9.0,971.0,206.0,26.0,54.0,,,,,,,,
1497,972.0,563.0,71.0,35.0,338.0,973.0,26.0,974.0,334.0,975.0,,,,,
1498,573.0,111.0,102.0,102.0,240.0,638.0,35.0,169.0,337.0,128.0,118.0,179.0,179.0,179.0,
1499,1.0,4.0,2307.0,458.0,86.0,41.0,116.0,976.0,,,,,,,
1500,136.0,640.0,977.0,56.0,101.0,262.0,304.0,,,,,,,,
1501,13.0,24.0,26.0,101.0,12.0,209.0,978.0,212.0,18.0,2308.0,13.0,59.0,979.0,212.0,18.0
1502,634.0,13.0,1019.0,1020.0,,,,,,,,,,,
1503,1021.0,1022.0,63.0,15.0,,,,,,,,,,,
1504,149.0,594.0,1023.0,162.0,,,,,,,,,,,
1505,75.0,350.0,1024.0,6.0,,,,,,,,,,,
1506,2309.0,816.0,,,,,,,,,,,,,
1507,2310.0,2311.0,2312.0,,,,,,,,,,,,
1508,2.0,180.0,296.0,,,,,,,,,,,,
1509,239.0,13.0,1025.0,,,,,,,,,,,,
1510,118.0,2313.0,,,,,,,,,,,,,
1511,267.0,323.0,31.0,2314.0,,,,,,,,,,,
1512,239.0,1.0,32.0,415.0,,,,,,,,,,,
1513,18.0,19.0,,,,,,,,,,,,,
1514,2315.0,11.0,16.0,,,,,,,,,,,,
1515,9.0,2316.0,,,,,,,,,,,,,
1516,292.0,736.0,5.0,10.0,1026.0,,,,,,,,,,
1517,63.0,2317.0,36.0,19.0,,,,,,,,,,,
1518,4.0,144.0,54.0,79.0,,,,,,,,,,,
1519,75.0,1027.0,78.0,18.0,280.0,,,,,,,,,,
1520,2318.0,2319.0,,,,,,,,,,,,,
1521,80.0,138.0,687.0,1000.0,,,,,,,,,,,
1522,2320.0,84.0,,,,,,,,,,,,,
1523,239.0,12.0,1025.0,,,,,,,,,,,,
1524,2321.0,11.0,16.0,,,,,,,,,,,,
1525,162.0,19.0,144.0,2322.0,105.0,,,,,,,,,,
1526,634.0,13.0,1019.0,1020.0,,,,,,,,,,,
1527,1021.0,1022.0,63.0,15.0,,,,,,,,,,,
1528,149.0,594.0,1023.0,162.0,,,,,,,,,,,
1529,2323.0,24.0,26.0,81.0,,,,,,,,,,,
1530,17.0,3.0,2324.0,,,,,,,,,,,,
1531,2325.0,192.0,1.0,153.0,501.0,,,,,,,,,,
1532,477.0,544.0,210.0,2326.0,,,,,,,,,,,
1533,1.0,831.0,1028.0,19.0,,,,,,,,,,,
1534,2327.0,26.0,351.0,2328.0,,,,,,,,,,,
1535,2329.0,51.0,5.0,,,,,,,,,,,,
1536,119.0,417.0,,,,,,,,,,,,,
1537,20.0,2330.0,38.0,,,,,,,,,,,,
1538,905.0,60.0,417.0,,,,,,,,,,,,
1539,70.0,9.0,689.0,,,,,,,,,,,,
1540,2331.0,12.0,31.0,45.0,464.0,,,,,,,,,,
1541,2332.0,17.0,,,,,,,,,,,,,
1542,99.0,2333.0,83.0,417.0,,,,,,,,,,,
1543,172.0,1.0,3.0,69.0,38.0,,,,,,,,,,
1544,2334.0,71.0,30.0,2335.0,,,,,,,,,,,
1545,2336.0,379.0,,,,,,,,,,,,,
1546,2337.0,196.0,10.0,2338.0,1.0,104.0,,,,,,,,,
1547,261.0,2.0,21.0,2339.0,38.0,,,,,,,,,,
1548,172.0,1.0,,,,,,,,,,,,,
1549,3.0,2340.0,38.0,359.0,,,,,,,,,,,
1550,2341.0,74.0,51.0,59.0,1.0,,,,,,,,,,
1551,65.0,184.0,300.0,,,,,,,,,,,,
1552,155.0,36.0,218.0,1.0,1029.0,1024.0,6.0,,,,,,,,
1553,44.0,3.0,933.0,,,,,,,,,,,,
1554,595.0,1.0,489.0,699.0,,,,,,,,,,,
1555,172.0,1.0,3.0,431.0,,,,,,,,,,,
1556,192.0,485.0,,,,,,,,,,,,,
1557,2342.0,2343.0,2344.0,136.0,2345.0,69.0,,,,,,,,,
1558,2346.0,374.0,2347.0,114.0,69.0,,,,,,,,,,
1559,143.0,1.0,52.0,9.0,2348.0,,,,,,,,,,
1560,5.0,305.0,100.0,1.0,2349.0,,,,,,,,,,
1561,4.0,2350.0,55.0,147.0,69.0,,,,,,,,,,
1562,330.0,430.0,2351.0,,,,,,,,,,,,
1563,2352.0,319.0,145.0,2353.0,319.0,,,,,,,,,,
1564,1.0,2354.0,42.0,,,,,,,,,,,,
1565,13.0,59.0,262.0,,,,,,,,,,,,
1566,2355.0,1.0,159.0,,,,,,,,,,,,
1567,101.0,71.0,584.0,436.0,,,,,,,,,,,
1568,2356.0,30.0,232.0,145.0,632.0,,,,,,,,,,
1569,77.0,6.0,296.0,7.0,1030.0,90.0,,,,,,,,,
1570,2.0,18.0,15.0,2357.0,454.0,,,,,,,,,,
1571,119.0,76.0,90.0,,,,,,,,,,,,
1572,147.0,1.0,62.0,,,,,,,,,,,,
1573,1030.0,282.0,3.0,,,,,,,,,,,,
1574,1.0,2358.0,,,,,,,,,,,,,
1575,2359.0,1031.0,,,,,,,,,,,,,
1576,2360.0,2361.0,320.0,2362.0,,,,,,,,,,,
1577,2363.0,1031.0,,,,,,,,,,,,,
1578,1032.0,55.0,7.0,29.0,1033.0,,,,,,,,,,
1579,423.0,2364.0,446.0,,,,,,,,,,,,
1580,787.0,2365.0,2366.0,2367.0,,,,,,,,,,,
1581,2368.0,40.0,2369.0,1034.0,,,,,,,,,,,
1582,242.0,2.0,2370.0,,,,,,,,,,,,
1583,1035.0,161.0,295.0,2371.0,2372.0,28.0,,,,,,,,,
1584,2373.0,2374.0,2375.0,20.0,,,,,,,,,,,
1585,2376.0,2377.0,2378.0,2379.0,,,,,,,,,,,
1586,2380.0,2381.0,427.0,842.0,,,,,,,,,,,
1587,2382.0,244.0,,,,,,,,,,,,,
1588,655.0,2383.0,13.0,16.0,,,,,,,,,,,
1589,2384.0,722.0,2385.0,,,,,,,,,,,,
1590,2386.0,223.0,656.0,1036.0,1037.0,,,,,,,,,,
1591,238.0,1038.0,20.0,,,,,,,,,,,,
1592,238.0,1038.0,,,,,,,,,,,,,
1593,2387.0,47.0,191.0,,,,,,,,,,,,
1594,2388.0,427.0,2389.0,,,,,,,,,,,,
1595,173.0,2390.0,,,,,,,,,,,,,
1596,10.0,2391.0,18.0,,,,,,,,,,,,
1597,924.0,168.0,,,,,,,,,,,,,
1598,906.0,2392.0,13.0,873.0,443.0,29.0,214.0,7.0,,,,,,,
1599,48.0,2393.0,,,,,,,,,,,,,
1600,623.0,2394.0,54.0,7.0,29.0,351.0,,,,,,,,,
1601,2395.0,40.0,2396.0,1034.0,,,,,,,,,,,
1602,2397.0,656.0,1036.0,1037.0,,,,,,,,,,,
1603,20.0,616.0,308.0,,,,,,,,,,,,
1604,41.0,331.0,19.0,,,,,,,,,,,,
1605,587.0,767.0,2398.0,,,,,,,,,,,,
1606,2399.0,,,,,,,,,,,,,,
1607,2400.0,4.0,465.0,,,,,,,,,,,,
1608,354.0,623.0,2401.0,,,,,,,,,,,,
1609,657.0,13.0,16.0,94.0,,,,,,,,,,,
1610,173.0,2402.0,,,,,,,,,,,,,
1611,2403.0,,,,,,,,,,,,,,
1612,140.0,5.0,448.0,,,,,,,,,,,,
1613,2404.0,2.0,22.0,289.0,8.0,,,,,,,,,,
1614,112.0,112.0,5.0,609.0,,,,,,,,,,,
1615,140.0,13.0,30.0,143.0,177.0,29.0,8.0,,,,,,,,
1616,65.0,53.0,30.0,1.0,31.0,658.0,,,,,,,,,
1617,1039.0,466.0,2405.0,,,,,,,,,,,,
1618,342.0,163.0,1040.0,,,,,,,,,,,,
1619,7.0,1.0,467.0,,,,,,,,,,,,
1620,1039.0,466.0,2406.0,,,,,,,,,,,,
1621,342.0,163.0,1040.0,655.0,,,,,,,,,,,
1622,33.0,468.0,,,,,,,,,,,,,
1623,14.0,64.0,33.0,468.0,289.0,,,,,,,,,,
1624,50.0,177.0,29.0,928.0,13.0,30.0,,,,,,,,,
1625,154.0,14.0,,,,,,,,,,,,,
1626,33.0,468.0,,,,,,,,,,,,,
1627,484.0,14.0,64.0,93.0,468.0,,,,,,,,,,
1628,50.0,30.0,177.0,2407.0,2408.0,,,,,,,,,,
1629,49.0,212.0,14.0,,,,,,,,,,,,
1630,140.0,5.0,448.0,,,,,,,,,,,,
1631,348.0,2.0,22.0,289.0,2409.0,8.0,,,,,,,,,
1632,112.0,112.0,177.0,29.0,609.0,,,,,,,,,,
1633,1041.0,2.0,22.0,143.0,8.0,,,,,,,,,,
1634,655.0,7.0,1.0,467.0,,,,,,,,,,,
1635,65.0,30.0,1.0,31.0,658.0,,,,,,,,,,
1636,2410.0,7.0,1.0,467.0,,,,,,,,,,,
1637,154.0,14.0,,,,,,,,,,,,,
1638,28.0,8.0,156.0,2411.0,,,,,,,,,,,
1639,12.0,49.0,68.0,4.0,2412.0,455.0,204.0,,,,,,,,
1640,2413.0,69.0,69.0,26.0,,,,,,,,,,,
1641,2414.0,2.0,2415.0,2416.0,602.0,204.0,,,,,,,,,
1642,46.0,267.0,989.0,40.0,2417.0,90.0,,,,,,,,,
1643,2418.0,70.0,1.0,31.0,162.0,,,,,,,,,,
1644,1042.0,1043.0,659.0,,,,,,,,,,,,
1645,334.0,2419.0,84.0,204.0,,,,,,,,,,,
1646,147.0,124.0,1044.0,1045.0,,,,,,,,,,,
1647,1.0,36.0,387.0,10.0,335.0,,,,,,,,,,
1648,2420.0,2421.0,2422.0,,,,,,,,,,,,
1649,412.0,13.0,2423.0,2424.0,,,,,,,,,,,
1650,142.0,2425.0,4.0,2426.0,,,,,,,,,,,
1651,12.0,2427.0,186.0,,,,,,,,,,,,
1652,1042.0,2428.0,2429.0,,,,,,,,,,,,
1653,2430.0,2431.0,84.0,204.0,,,,,,,,,,,
1654,2432.0,2433.0,2434.0,,,,,,,,,,,,
1655,1.0,2435.0,2436.0,,,,,,,,,,,,
1656,2437.0,1043.0,4.0,659.0,111.0,,,,,,,,,,
1657,546.0,2438.0,17.0,22.0,309.0,499.0,2439.0,,,,,,,,
1658,2440.0,19.0,,,,,,,,,,,,,
1659,83.0,56.0,253.0,5.0,528.0,,,,,,,,,,
1660,107.0,12.0,431.0,,,,,,,,,,,,
1661,17.0,124.0,660.0,,,,,,,,,,,,
1662,2441.0,56.0,598.0,532.0,,,,,,,,,,,
1663,1.0,660.0,315.0,288.0,,,,,,,,,,,
1664,531.0,17.0,1046.0,,,,,,,,,,,,
1665,232.0,152.0,2442.0,29.0,217.0,,,,,,,,,,
1666,50.0,4.0,20.0,471.0,,,,,,,,,,,
1667,1.0,56.0,8.0,,,,,,,,,,,,
1668,11.0,5.0,650.0,2.0,56.0,,,,,,,,,,
1669,534.0,12.0,287.0,2443.0,,,,,,,,,,,
1670,18.0,350.0,108.0,257.0,1047.0,,,,,,,,,,
1671,207.0,9.0,10.0,2444.0,,,,,,,,,,,
1672,17.0,124.0,661.0,,,,,,,,,,,,
1673,11.0,5.0,650.0,7.0,81.0,,,,,,,,,,
1674,65.0,152.0,17.0,206.0,38.0,,,,,,,,,,
1675,33.0,151.0,8.0,8.0,529.0,100.0,,,,,,,,,
1676,91.0,39.0,75.0,5.0,3.0,120.0,,,,,,,,,
1677,17.0,2445.0,2446.0,662.0,,,,,,,,,,,
1678,2447.0,51.0,56.0,,,,,,,,,,,,
1679,171.0,1.0,287.0,2448.0,18.0,,,,,,,,,,
1680,66.0,580.0,1.0,,,,,,,,,,,,
1681,401.0,4.0,558.0,2449.0,,,,,,,,,,,
1682,91.0,39.0,75.0,5.0,3.0,2450.0,,,,,,,,,
1683,64.0,7.0,1048.0,,,,,,,,,,,,
1684,143.0,2.0,2451.0,,,,,,,,,,,,
1685,1.0,,,,,,,,,,,,,,
1686,2452.0,55.0,,,,,,,,,,,,,
1687,160.0,2453.0,2454.0,,,,,,,,,,,,
1688,13.0,56.0,2455.0,,,,,,,,,,,,
1689,207.0,261.0,2.0,31.0,869.0,,,,,,,,,,
1690,2456.0,465.0,,,,,,,,,,,,,
1691,152.0,663.0,248.0,2457.0,7.0,65.0,30.0,,,,,,,,
1692,437.0,1049.0,8.0,56.0,,,,,,,,,,,
1693,13.0,56.0,12.0,56.0,,,,,,,,,,,
1694,65.0,30.0,7.0,12.0,662.0,2458.0,8.0,,,,,,,,
1695,48.0,4.0,877.0,84.0,,,,,,,,,,,
1696,261.0,3.0,8.0,,,,,,,,,,,,
1697,91.0,10.0,,,,,,,,,,,,,
1698,2459.0,239.0,,,,,,,,,,,,,
1699,144.0,1050.0,2460.0,2461.0,601.0,17.0,,,,,,,,,
1700,1051.0,19.0,453.0,38.0,,,,,,,,,,,
1701,2462.0,2463.0,104.0,10.0,,,,,,,,,,,
1702,2464.0,2465.0,,,,,,,,,,,,,
1703,41.0,2466.0,2467.0,235.0,6.0,,,,,,,,,,
1704,2468.0,256.0,2469.0,,,,,,,,,,,,
1705,192.0,4.0,23.0,2470.0,,,,,,,,,,,
1706,519.0,21.0,2471.0,2472.0,,,,,,,,,,,
1707,61.0,29.0,2473.0,36.0,37.0,384.0,,,,,,,,,
1708,4.0,3.0,349.0,,,,,,,,,,,,
1709,13.0,2474.0,1052.0,,,,,,,,,,,,
1710,61.0,840.0,2475.0,7.0,897.0,,,,,,,,,,
1711,61.0,187.0,938.0,2476.0,,,,,,,,,,,
1712,287.0,2477.0,392.0,,,,,,,,,,,,
1713,292.0,2478.0,6.0,76.0,1007.0,,,,,,,,,,
1714,33.0,879.0,3.0,2479.0,,,,,,,,,,,
1715,336.0,88.0,2480.0,2481.0,,,,,,,,,,,
1716,75.0,9.0,2482.0,2483.0,,,,,,,,,,,
1717,2484.0,,,,,,,,,,,,,,
1718,492.0,1053.0,2485.0,,,,,,,,,,,,
1719,33.0,435.0,463.0,,,,,,,,,,,,
1720,1.0,2486.0,37.0,,,,,,,,,,,,
1721,2.0,11.0,463.0,,,,,,,,,,,,
1722,1027.0,22.0,2487.0,2488.0,,,,,,,,,,,
1723,28.0,158.0,7.0,,,,,,,,,,,,
1724,15.0,2489.0,84.0,,,,,,,,,,,,
1725,51.0,724.0,2490.0,559.0,47.0,351.0,,,,,,,,,
1726,2491.0,1018.0,3.0,748.0,90.0,,,,,,,,,,
1727,15.0,2492.0,499.0,2493.0,82.0,,,,,,,,,,
1728,74.0,26.0,2494.0,8.0,,,,,,,,,,,
1729,17.0,2495.0,312.0,136.0,,,,,,,,,,,
1730,379.0,47.0,40.0,163.0,664.0,,,,,,,,,,
1731,389.0,83.0,407.0,79.0,,,,,,,,,,,
1732,2496.0,11.0,74.0,236.0,,,,,,,,,,,
1733,135.0,2497.0,358.0,2498.0,711.0,,,,,,,,,,
1734,290.0,106.0,347.0,290.0,129.0,1054.0,117.0,290.0,,,,,,,
1735,814.0,420.0,2499.0,1055.0,586.0,,,,,,,,,,
1736,363.0,189.0,935.0,77.0,271.0,,,,,,,,,,
1737,129.0,13.0,295.0,202.0,,,,,,,,,,,
1738,155.0,13.0,290.0,41.0,236.0,,,,,,,,,,
1739,2500.0,5.0,605.0,253.0,323.0,6.0,917.0,,,,,,,,
1740,36.0,2501.0,2502.0,99.0,1056.0,94.0,888.0,90.0,,,,,,,
1741,24.0,944.0,172.0,,,,,,,,,,,,
1742,5.0,2503.0,54.0,,,,,,,,,,,,
1743,389.0,199.0,407.0,79.0,,,,,,,,,,,
1744,17.0,129.0,2504.0,1057.0,,,,,,,,,,,
1745,2505.0,254.0,661.0,607.0,,,,,,,,,,,
1746,2506.0,815.0,407.0,79.0,,,,,,,,,,,
1747,7.0,101.0,9.0,13.0,74.0,236.0,,,,,,,,,
1748,2507.0,71.0,343.0,169.0,,,,,,,,,,,
1749,2508.0,132.0,,,,,,,,,,,,,
1750,2509.0,25.0,497.0,,,,,,,,,,,,
1751,12.0,32.0,368.0,2.0,32.0,,,,,,,,,,
1752,2510.0,196.0,2511.0,,,,,,,,,,,,
1753,250.0,113.0,712.0,103.0,,,,,,,,,,,
1754,1058.0,2512.0,4.0,,,,,,,,,,,,
1755,39.0,2.0,2513.0,2514.0,,,,,,,,,,,
1756,2515.0,73.0,,,,,,,,,,,,,
1757,1.0,71.0,33.0,2516.0,,,,,,,,,,,
1758,2517.0,138.0,2518.0,447.0,,,,,,,,,,,
1759,875.0,876.0,416.0,1059.0,8.0,,,,,,,,,,
1760,1.0,428.0,,,,,,,,,,,,,
1761,1059.0,2519.0,,,,,,,,,,,,,
1762,67.0,947.0,,,,,,,,,,,,,
1763,2520.0,4.0,2521.0,,,,,,,,,,,,
1764,131.0,129.0,536.0,2522.0,8.0,,,,,,,,,,
1765,2.0,1060.0,1061.0,1051.0,19.0,,,,,,,,,,
1766,2523.0,68.0,1.0,168.0,,,,,,,,,,,
1767,86.0,125.0,665.0,,,,,,,,,,,,
1768,2.0,258.0,42.0,82.0,1.0,,,,,,,,,,
1769,207.0,135.0,23.0,,,,,,,,,,,,
1770,259.0,1062.0,617.0,,,,,,,,,,,,
1771,9.0,2524.0,120.0,,,,,,,,,,,,
1772,86.0,125.0,583.0,,,,,,,,,,,,
1773,2.0,45.0,2525.0,1.0,,,,,,,,,,,
1774,271.0,2526.0,12.0,31.0,,,,,,,,,,,
1775,910.0,210.0,,,,,,,,,,,,,
1776,216.0,632.0,743.0,,,,,,,,,,,,
1777,2527.0,636.0,,,,,,,,,,,,,
1778,50.0,1.0,201.0,34.0,,,,,,,,,,,
1779,1063.0,12.0,2528.0,,,,,,,,,,,,
1780,277.0,666.0,,,,,,,,,,,,,
1781,60.0,265.0,1064.0,,,,,,,,,,,,
1782,73.0,948.0,2529.0,654.0,59.0,,,,,,,,,,
1783,849.0,4.0,2530.0,,,,,,,,,,,,
1784,6.0,43.0,18.0,,,,,,,,,,,,
1785,2531.0,422.0,2532.0,277.0,,,,,,,,,,,
1786,2533.0,2534.0,1055.0,361.0,,,,,,,,,,,
1787,2535.0,2536.0,,,,,,,,,,,,,
1788,86.0,125.0,1065.0,,,,,,,,,,,,
1789,1.0,1028.0,19.0,,,,,,,,,,,,
1790,502.0,2537.0,,,,,,,,,,,,,
1791,1060.0,32.0,559.0,,,,,,,,,,,,
1792,50.0,30.0,119.0,2538.0,2539.0,,,,,,,,,,
1793,1063.0,49.0,1066.0,,,,,,,,,,,,
1794,277.0,666.0,60.0,265.0,1064.0,,,,,,,,,,
1795,740.0,1016.0,11.0,6.0,,,,,,,,,,,
1796,27.0,636.0,,,,,,,,,,,,,
1797,50.0,155.0,201.0,34.0,,,,,,,,,,,
1798,117.0,1.0,209.0,397.0,,,,,,,,,,,
1799,27.0,644.0,,,,,,,,,,,,,
1800,44.0,3.0,233.0,,,,,,,,,,,,
1801,40.0,327.0,1066.0,,,,,,,,,,,,
1802,510.0,459.0,237.0,934.0,,,,,,,,,,,
1803,11.0,162.0,1.0,333.0,55.0,,,,,,,,,,
1804,108.0,572.0,108.0,422.0,,,,,,,,,,,
1805,130.0,34.0,79.0,7.0,,,,,,,,,,,
1806,2540.0,9.0,2541.0,,,,,,,,,,,,
1807,1.0,32.0,415.0,,,,,,,,,,,,
1808,17.0,807.0,24.0,,,,,,,,,,,,
1809,1.0,62.0,56.0,,,,,,,,,,,,
1810,245.0,416.0,39.0,121.0,16.0,,,,,,,,,,
1811,2542.0,58.0,4.0,16.0,,,,,,,,,,,
1812,1.0,4.0,171.0,260.0,,,,,,,,,,,
1813,281.0,53.0,45.0,512.0,,,,,,,,,,,
1814,277.0,693.0,2543.0,,,,,,,,,,,,
1815,2544.0,5.0,,,,,,,,,,,,,
1816,160.0,2.0,52.0,556.0,,,,,,,,,,,
1817,39.0,396.0,2545.0,42.0,,,,,,,,,,,
1818,449.0,1067.0,19.0,,,,,,,,,,,,
1819,5.0,536.0,100.0,1.0,2546.0,2547.0,2548.0,,,,,,,,
1820,95.0,111.0,78.0,321.0,45.0,507.0,,,,,,,,,
1821,4.0,209.0,2549.0,,,,,,,,,,,,
1822,2550.0,2551.0,,,,,,,,,,,,,
1823,2552.0,1.0,512.0,68.0,,,,,,,,,,,
1824,299.0,24.0,202.0,,,,,,,,,,,,
1825,2.0,200.0,159.0,2553.0,16.0,,,,,,,,,,
1826,358.0,1008.0,,,,,,,,,,,,,
1827,4.0,2554.0,16.0,1.0,114.0,8.0,,,,,,,,,
1828,1068.0,329.0,85.0,16.0,,,,,,,,,,,
1829,33.0,667.0,16.0,,,,,,,,,,,,
1830,3.0,158.0,3.0,,,,,,,,,,,,
1831,1.0,101.0,,,,,,,,,,,,,
1832,25.0,483.0,,,,,,,,,,,,,
1833,1.0,3.0,6.0,,,,,,,,,,,,
1834,1.0,991.0,,,,,,,,,,,,,
1835,4.0,281.0,53.0,16.0,,,,,,,,,,,
1836,2.0,52.0,5.0,2555.0,39.0,121.0,16.0,,,,,,,,
1837,50.0,53.0,5.0,2556.0,13.0,28.0,,,,,,,,,
1838,386.0,1069.0,1070.0,,,,,,,,,,,,
1839,2557.0,6.0,1010.0,,,,,,,,,,,,
1840,984.0,174.0,2558.0,214.0,,,,,,,,,,,
1841,2.0,23.0,2559.0,19.0,665.0,2560.0,113.0,,,,,,,,
1842,656.0,2561.0,715.0,1.0,,,,,,,,,,,
1843,20.0,2562.0,2563.0,,,,,,,,,,,,
1844,1071.0,50.0,2564.0,21.0,549.0,,,,,,,,,,
1845,2565.0,2566.0,2567.0,2568.0,,,,,,,,,,,
1846,136.0,191.0,2569.0,307.0,810.0,1033.0,2570.0,,,,,,,,
1847,2571.0,38.0,,,,,,,,,,,,,
1848,13.0,446.0,62.0,7.0,506.0,2572.0,77.0,229.0,,,,,,,
1849,348.0,627.0,241.0,665.0,2573.0,113.0,,,,,,,,,
1850,657.0,2574.0,2575.0,508.0,,,,,,,,,,,
1851,2576.0,2577.0,,,,,,,,,,,,,
1852,2578.0,227.0,2579.0,,,,,,,,,,,,
1853,1.0,1072.0,282.0,,,,,,,,,,,,
1854,10.0,932.0,78.0,,,,,,,,,,,,
1855,144.0,61.0,31.0,69.0,464.0,,,,,,,,,,
1856,708.0,15.0,2580.0,2581.0,,,,,,,,,,,
1857,308.0,5.0,2582.0,5.0,,,,,,,,,,,
1858,2583.0,363.0,,,,,,,,,,,,,
1859,20.0,45.0,246.0,20.0,36.0,2584.0,246.0,,,,,,,,
1860,78.0,2585.0,24.0,246.0,,,,,,,,,,,
1861,289.0,2586.0,2587.0,53.0,5.0,,,,,,,,,,
1862,5.0,2588.0,,,,,,,,,,,,,
1863,1073.0,165.0,620.0,360.0,165.0,501.0,,,,,,,,,
1864,7.0,160.0,1074.0,165.0,,,,,,,,,,,
1865,2589.0,1075.0,29.0,351.0,,,,,,,,,,,
1866,61.0,2590.0,38.0,,,,,,,,,,,,
1867,61.0,161.0,342.0,2591.0,,,,,,,,,,,
1868,1.0,159.0,191.0,2592.0,,,,,,,,,,,
1869,3.0,382.0,1.0,3.0,382.0,,,,,,,,,,
1870,561.0,138.0,2593.0,130.0,,,,,,,,,,,
1871,64.0,143.0,3.0,2594.0,,,,,,,,,,,
1872,1.0,2595.0,,,,,,,,,,,,,
1873,9.0,262.0,29.0,,,,,,,,,,,,
1874,2.0,89.0,58.0,658.0,,,,,,,,,,,
1875,2.0,23.0,9.0,184.0,20.0,184.0,,,,,,,,,
1876,12.0,2596.0,87.0,9.0,184.0,,,,,,,,,,
1877,1056.0,373.0,2597.0,37.0,,,,,,,,,,,
1878,7.0,2598.0,,,,,,,,,,,,,
1879,21.0,2599.0,42.0,5.0,3.0,21.0,87.0,42.0,,,,,,,
1880,39.0,2.0,21.0,1074.0,165.0,,,,,,,,,,
1881,2600.0,1075.0,29.0,335.0,,,,,,,,,,,
1882,9.0,3.0,,,,,,,,,,,,,
1883,94.0,164.0,186.0,,,,,,,,,,,,
1884,171.0,15.0,186.0,,,,,,,,,,,,
1885,64.0,177.0,21.0,451.0,12.0,241.0,533.0,,,,,,,,
1886,70.0,186.0,,,,,,,,,,,,,
1887,13.0,23.0,186.0,,,,,,,,,,,,
1888,64.0,1.0,291.0,176.0,465.0,205.0,,,,,,,,,
1889,80.0,705.0,,,,,,,,,,,,,
1890,12.0,6.0,2601.0,,,,,,,,,,,,
1891,64.0,2.0,2602.0,10.0,350.0,2603.0,,,,,,,,,
1892,1.0,652.0,,,,,,,,,,,,,
1893,7.0,1076.0,16.0,42.0,,,,,,,,,,,
1894,20.0,2604.0,43.0,,,,,,,,,,,,
1895,2605.0,2606.0,144.0,8.0,,,,,,,,,,,
1896,197.0,7.0,13.0,229.0,2607.0,,,,,,,,,,
1897,414.0,62.0,339.0,2608.0,280.0,,,,,,,,,,
1898,207.0,85.0,193.0,,,,,,,,,,,,
1899,1.0,4.0,85.0,193.0,,,,,,,,,,,
1900,2.0,23.0,2609.0,,,,,,,,,,,,
1901,185.0,42.0,82.0,193.0,,,,,,,,,,,
1902,1.0,164.0,164.0,318.0,,,,,,,,,,,
1903,1.0,4.0,3.0,453.0,38.0,,,,,,,,,,
1904,1077.0,6.0,631.0,,,,,,,,,,,,
1905,2.0,311.0,134.0,92.0,10.0,391.0,494.0,,,,,,,,
1906,70.0,164.0,164.0,318.0,,,,,,,,,,,
1907,197.0,7.0,135.0,23.0,88.0,,,,,,,,,,
1908,10.0,,,,,,,,,,,,,,
1909,10.0,2610.0,,,,,,,,,,,,,
1910,7.0,148.0,,,,,,,,,,,,,
1911,148.0,2611.0,,,,,,,,,,,,,
1912,17.0,149.0,53.0,23.0,,,,,,,,,,,
1913,2.0,28.0,2612.0,,,,,,,,,,,,
1914,7.0,186.0,,,,,,,,,,,,,
1915,86.0,2.0,12.0,23.0,2613.0,,,,,,,,,,
1916,2614.0,254.0,575.0,121.0,228.0,,,,,,,,,,
1917,39.0,75.0,4.0,21.0,2615.0,226.0,,,,,,,,,
1918,460.0,543.0,323.0,,,,,,,,,,,,
1919,12.0,52.0,2616.0,141.0,,,,,,,,,,,
1920,197.0,7.0,492.0,93.0,102.0,8.0,102.0,8.0,,,,,,,
1921,135.0,180.0,1071.0,,,,,,,,,,,,
1922,53.0,67.0,136.0,53.0,67.0,136.0,,,,,,,,,
1923,53.0,31.0,327.0,,,,,,,,,,,,
1924,1050.0,6.0,48.0,87.0,127.0,2617.0,,,,,,,,,
1925,668.0,318.0,10.0,,,,,,,,,,,,
1926,2.0,10.0,,,,,,,,,,,,,
1927,85.0,55.0,4.0,2618.0,227.0,2619.0,,,,,,,,,
1928,4.0,32.0,2620.0,,,,,,,,,,,,
1929,11.0,32.0,21.0,730.0,285.0,339.0,,,,,,,,,
1930,101.0,11.0,32.0,369.0,,,,,,,,,,,
1931,1.0,44.0,44.0,318.0,,,,,,,,,,,
1932,197.0,7.0,149.0,1.0,3.0,8.0,,,,,,,,,
1933,1077.0,6.0,34.0,581.0,,,,,,,,,,,
1934,64.0,7.0,,,,,,,,,,,,,
1935,907.0,226.0,93.0,2621.0,,,,,,,,,,,
1936,336.0,1.0,1.0,3.0,8.0,,,,,,,,,,
1937,48.0,2.0,23.0,15.0,6.0,,,,,,,,,,
1938,5.0,2622.0,,,,,,,,,,,,,
1939,9.0,305.0,111.0,7.0,,,,,,,,,,,
1940,13.0,3.0,21.0,,,,,,,,,,,,
1941,13.0,3.0,26.0,,,,,,,,,,,,
1942,189.0,2623.0,124.0,,,,,,,,,,,,
1943,12.0,47.0,703.0,219.0,,,,,,,,,,,
1944,31.0,87.0,58.0,,,,,,,,,,,,
1945,235.0,24.0,5.0,481.0,100.0,16.0,,,,,,,,,
1946,48.0,2.0,11.0,322.0,926.0,316.0,,,,,,,,,
1947,1.0,2624.0,143.0,2625.0,,,,,,,,,,,
1948,769.0,72.0,4.0,45.0,,,,,,,,,,,
1949,2626.0,2627.0,2628.0,,,,,,,,,,,,
1950,4.0,1.0,642.0,1052.0,,,,,,,,,,,
1951,424.0,6.0,21.0,87.0,128.0,15.0,2629.0,,,,,,,,
1952,36.0,387.0,126.0,2630.0,1032.0,,,,,,,,,,
1953,51.0,5.0,51.0,59.0,2631.0,,,,,,,,,,
1954,182.0,2632.0,2633.0,,,,,,,,,,,,
1955,33.0,275.0,12.0,128.0,,,,,,,,,,,
1956,145.0,87.0,772.0,274.0,,,,,,,,,,,
1957,11.0,51.0,59.0,2634.0,,,,,,,,,,,
1958,2635.0,4.0,2636.0,123.0,1078.0,,,,,,,,,,
1959,2637.0,71.0,798.0,,,,,,,,,,,,
1960,5.0,2638.0,1.0,,,,,,,,,,,,
1961,66.0,43.0,240.0,,,,,,,,,,,,
1962,12.0,2639.0,97.0,46.0,59.0,59.0,,,,,,,,,
1963,509.0,2640.0,8.0,,,,,,,,,,,,
1964,35.0,121.0,5.0,,,,,,,,,,,,
1965,182.0,181.0,108.0,5.0,1.0,,,,,,,,,,
1966,88.0,654.0,192.0,,,,,,,,,,,,
1967,14.0,94.0,2641.0,,,,,,,,,,,,
1968,30.0,67.0,270.0,2642.0,,,,,,,,,,,
1969,601.0,4.0,22.0,2643.0,,,,,,,,,,,
1970,14.0,209.0,4.0,1079.0,,,,,,,,,,,
1971,2644.0,35.0,89.0,,,,,,,,,,,,
1972,2645.0,2.0,3.0,,,,,,,,,,,,
1973,122.0,2646.0,1080.0,2647.0,,,,,,,,,,,
1974,75.0,2648.0,1081.0,23.0,4.0,,,,,,,,,,
1975,14.0,52.0,2649.0,,,,,,,,,,,,
1976,2.0,14.0,2650.0,18.0,66.0,,,,,,,,,,
1977,269.0,2651.0,291.0,19.0,479.0,,,,,,,,,,
1978,14.0,2652.0,54.0,2653.0,,,,,,,,,,,
1979,3.0,157.0,1081.0,2.0,3.0,,,,,,,,,,
1980,510.0,14.0,175.0,2654.0,2655.0,,,,,,,,,,
1981,3.0,56.0,40.0,1082.0,,,,,,,,,,,
1982,2656.0,1083.0,,,,,,,,,,,,,
1983,14.0,2657.0,555.0,23.0,8.0,,,,,,,,,,
1984,122.0,43.0,244.0,,,,,,,,,,,,
1985,14.0,2658.0,32.0,269.0,2659.0,,,,,,,,,,
1986,2660.0,770.0,,,,,,,,,,,,,
1987,3.0,56.0,40.0,1082.0,,,,,,,,,,,
1988,540.0,540.0,,,,,,,,,,,,,
1989,14.0,285.0,33.0,1084.0,100.0,3.0,,,,,,,,,
1990,25.0,881.0,2661.0,668.0,2662.0,87.0,,,,,,,,,
1991,2.0,14.0,,,,,,,,,,,,,
1992,3.0,157.0,538.0,2663.0,,,,,,,,,,,
1993,14.0,209.0,4.0,1079.0,101.0,1083.0,,,,,,,,,
1994,2664.0,32.0,163.0,664.0,12.0,469.0,163.0,,,,,,,,
1995,2665.0,629.0,2666.0,36.0,218.0,263.0,614.0,,,,,,,,
1996,2667.0,20.0,697.0,946.0,8.0,,,,,,,,,,
1997,2668.0,2669.0,1015.0,1003.0,20.0,457.0,,,,,,,,,
1998,266.0,48.0,2.0,3.0,4.0,200.0,,,,,,,,,
1999,17.0,3.0,41.0,,,,,,,,,,,,
2000,2670.0,2671.0,2672.0,,,,,,,,,,,,
2001,2.0,9.0,236.0,13.0,2673.0,,,,,,,,,,
2002,2674.0,2675.0,2676.0,,,,,,,,,,,,
2003,2.0,2677.0,1.0,653.0,21.0,1085.0,,,,,,,,,
2004,10.0,247.0,2678.0,24.0,2679.0,,,,,,,,,,
2005,25.0,790.0,2680.0,,,,,,,,,,,,
2006,2681.0,163.0,664.0,12.0,469.0,163.0,,,,,,,,,
2007,2682.0,2683.0,,,,,,,,,,,,,
2008,147.0,1.0,175.0,2684.0,2685.0,,,,,,,,,,
2009,1004.0,2686.0,920.0,,,,,,,,,,,,
2010,48.0,2687.0,2688.0,2689.0,,,,,,,,,,,
2011,1.0,6.0,332.0,311.0,137.0,,,,,,,,,,
2012,12.0,579.0,2.0,911.0,923.0,,,,,,,,,,
2013,148.0,2690.0,48.0,2691.0,2692.0,,,,,,,,,,
2014,7.0,466.0,2693.0,2694.0,,,,,,,,,,,
2015,12.0,27.0,89.0,773.0,2695.0,42.0,,,,,,,,,
2016,330.0,114.0,42.0,105.0,,,,,,,,,,,
2017,7.0,46.0,2696.0,19.0,,,,,,,,,,,
2018,1.0,163.0,2697.0,2.0,32.0,469.0,163.0,,,,,,,,
2019,1086.0,2698.0,98.0,2699.0,42.0,,,,,,,,,,
2020,1.0,2700.0,65.0,,,,,,,,,,,,
2021,63.0,11.0,6.0,8.0,20.0,2701.0,,,,,,,,,
2022,2702.0,410.0,669.0,,,,,,,,,,,,
2023,2703.0,28.0,,,,,,,,,,,,,
2024,2704.0,2705.0,,,,,,,,,,,,,
2025,120.0,2706.0,,,,,,,,,,,,,
2026,439.0,2707.0,,,,,,,,,,,,,
2027,346.0,26.0,523.0,,,,,,,,,,,,
2028,36.0,1087.0,2708.0,,,,,,,,,,,,
2029,1086.0,464.0,2709.0,72.0,2710.0,,,,,,,,,,
2030,2711.0,2712.0,,,,,,,,,,,,,
2031,2713.0,332.0,190.0,2714.0,645.0,,,,,,,,,,
2032,75.0,2715.0,260.0,68.0,,,,,,,,,,,
2033,2716.0,1088.0,899.0,42.0,2717.0,,,,,,,,,,
2034,645.0,2718.0,,,,,,,,,,,,,
2035,385.0,2719.0,543.0,310.0,116.0,,,,,,,,,,
2036,57.0,1089.0,44.0,2720.0,,,,,,,,,,,
2037,2721.0,2722.0,10.0,,,,,,,,,,,,
2038,16.0,646.0,,,,,,,,,,,,,
2039,57.0,2723.0,2724.0,173.0,280.0,,,,,,,,,,
2040,270.0,2725.0,2726.0,,,,,,,,,,,,
2041,74.0,8.0,61.0,,,,,,,,,,,,
2042,28.0,2727.0,28.0,2728.0,222.0,222.0,,,,,,,,,
2043,1090.0,11.0,95.0,1090.0,11.0,95.0,,,,,,,,,
2044,106.0,63.0,2729.0,,,,,,,,,,,,
2045,2730.0,123.0,2731.0,,,,,,,,,,,,
2046,882.0,19.0,324.0,,,,,,,,,,,,
2047,2732.0,56.0,184.0,,,,,,,,,,,,
2048,670.0,671.0,,,,,,,,,,,,,
2049,2733.0,2734.0,2735.0,759.0,2736.0,,,,,,,,,,
2050,,,,,,,,,,,,,,,
2051,527.0,2737.0,,,,,,,,,,,,,
2052,11.0,265.0,278.0,327.0,2738.0,1054.0,,,,,,,,,
2053,2739.0,919.0,2740.0,2741.0,33.0,151.0,8.0,,,,,,,,
2054,1073.0,2742.0,116.0,8.0,,,,,,,,,,,
2055,317.0,2743.0,402.0,449.0,,,,,,,,,,,
2056,108.0,793.0,,,,,,,,,,,,,
2057,2.0,234.0,669.0,263.0,196.0,8.0,,,,,,,,,
2058,115.0,85.0,229.0,2744.0,,,,,,,,,,,
2059,2745.0,670.0,2746.0,606.0,,,,,,,,,,,
2060,1091.0,1091.0,101.0,,,,,,,,,,,,
2061,114.0,8.0,2747.0,,,,,,,,,,,,
2062,216.0,338.0,57.0,113.0,,,,,,,,,,,
2063,2748.0,950.0,400.0,672.0,672.0,,,,,,,,,,
2064,7.0,590.0,37.0,305.0,,,,,,,,,,,
2065,2749.0,273.0,343.0,,,,,,,,,,,,
2066,13.0,637.0,4.0,2750.0,2751.0,,,,,,,,,,
2067,2752.0,2.0,2753.0,669.0,,,,,,,,,,,
2068,2.0,841.0,80.0,9.0,,,,,,,,,,,
2069,453.0,38.0,,,,,,,,,,,,,
2070,2754.0,254.0,196.0,9.0,2755.0,,,,,,,,,,
2071,22.0,144.0,2756.0,,,,,,,,,,,,
2072,159.0,2757.0,1.0,291.0,,,,,,,,,,,
2073,17.0,150.0,666.0,1092.0,,,,,,,,,,,
2074,611.0,6.0,76.0,29.0,138.0,,,,,,,,,,
2075,937.0,58.0,1093.0,,,,,,,,,,,,
2076,6.0,486.0,577.0,12.0,89.0,2758.0,,,,,,,,,
2077,110.0,6.0,77.0,2.0,2759.0,,,,,,,,,,
2078,437.0,1094.0,8.0,119.0,76.0,,,,,,,,,,
2079,526.0,1.0,2760.0,,,,,,,,,,,,
2080,5.0,201.0,2761.0,,,,,,,,,,,,
2081,88.0,1.0,2762.0,5.0,,,,,,,,,,,
2082,74.0,34.0,208.0,402.0,,,,,,,,,,,
2083,131.0,85.0,80.0,31.0,522.0,,,,,,,,,,
2084,46.0,2763.0,,,,,,,,,,,,,
2085,45.0,364.0,2764.0,,,,,,,,,,,,
2086,1095.0,58.0,1093.0,,,,,,,,,,,,
2087,6.0,631.0,3.0,233.0,,,,,,,,,,,
2088,110.0,6.0,77.0,2.0,44.0,630.0,,,,,,,,,
2089,5.0,201.0,34.0,,,,,,,,,,,,
2090,437.0,1094.0,8.0,119.0,76.0,,,,,,,,,,
2091,3.0,233.0,110.0,6.0,77.0,,,,,,,,,,
2092,2.0,44.0,630.0,,,,,,,,,,,,
2093,2765.0,126.0,26.0,,,,,,,,,,,,
2094,12.0,1096.0,151.0,2766.0,,,,,,,,,,,
2095,398.0,1097.0,1098.0,113.0,1099.0,,,,,,,,,,
2096,115.0,16.0,1100.0,,,,,,,,,,,,
2097,15.0,2767.0,256.0,2768.0,,,,,,,,,,,
2098,277.0,615.0,2769.0,,,,,,,,,,,,
2099,152.0,663.0,8.0,494.0,2770.0,768.0,,,,,,,,,
2100,115.0,2.0,22.0,2771.0,,,,,,,,,,,
2101,766.0,291.0,143.0,1.0,,,,,,,,,,,
2102,245.0,671.0,1.0,,,,,,,,,,,,
2103,2772.0,6.0,188.0,,,,,,,,,,,,
2104,46.0,1101.0,183.0,1.0,,,,,,,,,,,
2105,1102.0,1103.0,1.0,663.0,2773.0,188.0,,,,,,,,,
2106,2774.0,126.0,26.0,,,,,,,,,,,,
2107,12.0,1096.0,151.0,1100.0,,,,,,,,,,,
2108,398.0,1097.0,1098.0,113.0,1099.0,,,,,,,,,,
2109,115.0,2.0,22.0,2775.0,,,,,,,,,,,
2110,108.0,377.0,1.0,,,,,,,,,,,,
2111,190.0,1.0,188.0,,,,,,,,,,,,
2112,7.0,800.0,2776.0,,,,,,,,,,,,
2113,1.0,245.0,671.0,1.0,,,,,,,,,,,
2114,467.0,6.0,29.0,,,,,,,,,,,,
2115,2777.0,188.0,,,,,,,,,,,,,
2116,31.0,233.0,6.0,188.0,,,,,,,,,,,
2117,46.0,1101.0,801.0,,,,,,,,,,,,
2118,449.0,202.0,41.0,643.0,,,,,,,,,,,
2119,126.0,847.0,210.0,49.0,2778.0,30.0,,,,,,,,,
2120,1102.0,1103.0,1.0,,,,,,,,,,,,
2121,190.0,1.0,647.0,,,,,,,,,,,,
2122,1.0,200.0,504.0,,,,,,,,,,,,
2123,98.0,2779.0,,,,,,,,,,,,,
2124,475.0,24.0,,,,,,,,,,,,,
2125,2780.0,,,,,,,,,,,,,,
2126,94.0,2781.0,,,,,,,,,,,,,
2127,2782.0,1104.0,,,,,,,,,,,,,
2128,603.0,604.0,287.0,,,,,,,,,,,,
2129,2783.0,2784.0,319.0,,,,,,,,,,,,
2130,6.0,94.0,122.0,2785.0,,,,,,,,,,,
2131,10.0,2786.0,,,,,,,,,,,,,
2132,1.0,1105.0,2787.0,,,,,,,,,,,,
2133,1017.0,273.0,2788.0,,,,,,,,,,,,
2134,1.0,1105.0,2789.0,,,,,,,,,,,,
2135,2790.0,24.0,2791.0,,,,,,,,,,,,
2136,91.0,7.0,64.0,1048.0,,,,,,,,,,,
2137,2792.0,43.0,,,,,,,,,,,,,
2138,475.0,24.0,26.0,,,,,,,,,,,,
2139,98.0,148.0,2793.0,569.0,,,,,,,,,,,
2140,2794.0,421.0,571.0,,,,,,,,,,,,
2141,91.0,17.0,114.0,74.0,760.0,,,,,,,,,,
2142,2795.0,2796.0,,,,,,,,,,,,,
2143,91.0,7.0,64.0,2797.0,,,,,,,,,,,
2144,98.0,2798.0,2799.0,569.0,,,,,,,,,,,
2145,78.0,47.0,2800.0,,,,,,,,,,,,
2146,63.0,2801.0,,,,,,,,,,,,,
2147,20.0,23.0,26.0,2802.0,,,,,,,,,,,
2148,289.0,11.0,19.0,61.0,931.0,,,,,,,,,,
2149,20.0,1.0,42.0,,,,,,,,,,,,
2150,11.0,19.0,11.0,604.0,26.0,,,,,,,,,,
2151,518.0,130.0,40.0,997.0,56.0,,,,,,,,,,
2152,352.0,41.0,2803.0,8.0,,,,,,,,,,,
2153,13.0,210.0,,,,,,,,,,,,,
2154,1.0,487.0,132.0,,,,,,,,,,,,
2155,9.0,13.0,54.0,,,,,,,,,,,,
2156,155.0,41.0,331.0,84.0,,,,,,,,,,,
2157,1.0,1106.0,152.0,10.0,2804.0,,,,,,,,,,
2158,1.0,1106.0,93.0,42.0,,,,,,,,,,,
2159,141.0,618.0,53.0,56.0,350.0,,,,,,,,,,
2160,5.0,31.0,588.0,,,,,,,,,,,,
2161,1.0,470.0,2805.0,,,,,,,,,,,,
2162,210.0,,,,,,,,,,,,,,
2163,190.0,2806.0,,,,,,,,,,,,,
2164,459.0,152.0,,,,,,,,,,,,,
2165,190.0,331.0,84.0,,,,,,,,,,,,
2166,3.0,72.0,11.0,104.0,158.0,,,,,,,,,,
2167,2.0,3.0,,,,,,,,,,,,,
2168,158.0,,,,,,,,,,,,,,
2169,352.0,2807.0,,,,,,,,,,,,,
2170,2808.0,,,,,,,,,,,,,,
2171,155.0,2809.0,,,,,,,,,,,,,
2172,46.0,13.0,56.0,,,,,,,,,,,,
2173,5.0,3.0,77.0,12.0,23.0,,,,,,,,,,
2174,224.0,225.0,514.0,,,,,,,,,,,,
2175,17.0,41.0,231.0,,,,,,,,,,,,
2176,331.0,339.0,,,,,,,,,,,,,
2177,1.0,4.0,1029.0,212.0,,,,,,,,,,,
2178,6.0,69.0,132.0,,,,,,,,,,,,
2179,9.0,595.0,2810.0,,,,,,,,,,,,
2180,930.0,30.0,525.0,,,,,,,,,,,,
2181,14.0,686.0,,,,,,,,,,,,,
2182,20.0,33.0,2811.0,,,,,,,,,,,,
2183,27.0,813.0,19.0,,,,,,,,,,,,
2184,2812.0,12.0,23.0,,,,,,,,,,,,
2185,2813.0,,,,,,,,,,,,,,
2186,1.0,1035.0,31.0,8.0,,,,,,,,,,,
2187,2814.0,2815.0,,,,,,,,,,,,,
2188,57.0,95.0,2816.0,19.0,,,,,,,,,,,
2189,205.0,53.0,22.0,393.0,,,,,,,,,,,
2190,1.0,40.0,97.0,,,,,,,,,,,,
2191,13.0,59.0,7.0,1107.0,,,,,,,,,,,
2192,4.0,189.0,1108.0,,,,,,,,,,,,
2193,207.0,215.0,28.0,8.0,,,,,,,,,,,
2194,12.0,1062.0,2817.0,282.0,5.0,,,,,,,,,,
2195,2818.0,375.0,,,,,,,,,,,,,
2196,115.0,5.0,2819.0,,,,,,,,,,,,
2197,1.0,998.0,2820.0,,,,,,,,,,,,
2198,215.0,164.0,2821.0,2822.0,,,,,,,,,,,
2199,207.0,4.0,189.0,1108.0,,,,,,,,,,,
2200,164.0,2823.0,38.0,,,,,,,,,,,,
2201,93.0,1076.0,2824.0,49.0,,,,,,,,,,,
2202,9.0,660.0,95.0,2825.0,,,,,,,,,,,
2203,2826.0,35.0,,,,,,,,,,,,,
2204,1.0,40.0,97.0,13.0,59.0,7.0,1107.0,,,,,,,,
2205,880.0,996.0,325.0,,,,,,,,,,,,
2206,2.0,10.0,2827.0,,,,,,,,,,,,
2207,2828.0,22.0,864.0,,,,,,,,,,,,
2208,2.0,52.0,143.0,,,,,,,,,,,,
2209,1.0,2829.0,,,,,,,,,,,,,
2210,57.0,67.0,1068.0,,,,,,,,,,,,
2211,270.0,500.0,30.0,,,,,,,,,,,,
2212,11.0,458.0,26.0,1.0,4.0,,,,,,,,,,
2213,5.0,77.0,,,,,,,,,,,,,
2214,667.0,,,,,,,,,,,,,,
2215,61.0,128.0,61.0,159.0,,,,,,,,,,,
2216,101.0,455.0,124.0,,,,,,,,,,,,
2217,1.0,338.0,23.0,,,,,,,,,,,,
2218,9.0,2830.0,4.0,,,,,,,,,,,,
2219,5.0,62.0,281.0,,,,,,,,,,,,
2220,145.0,10.0,154.0,,,,,,,,,,,,
2221,129.0,209.0,,,,,,,,,,,,,
2222,73.0,43.0,30.0,2831.0,,,,,,,,,,,
2223,4.0,51.0,5.0,15.0,2832.0,,,,,,,,,,
2224,2.0,13.0,23.0,63.0,2833.0,68.0,,,,,,,,,
2225,846.0,29.0,,,,,,,,,,,,,
2226,276.0,35.0,,,,,,,,,,,,,
2227,13.0,30.0,2834.0,,,,,,,,,,,,
2228,1.0,117.0,1104.0,40.0,,,,,,,,,,,
2229,2.0,187.0,249.0,2835.0,39.0,602.0,,,,,,,,,
2230,2.0,25.0,26.0,,,,,,,,,,,,
2231,39.0,71.0,170.0,,,,,,,,,,,,
2232,46.0,104.0,158.0,2.0,52.0,,,,,,,,,,
2233,430.0,1011.0,5.0,,,,,,,,,,,,
2234,216.0,43.0,30.0,,,,,,,,,,,,
2235,53.0,23.0,26.0,,,,,,,,,,,,
2236,53.0,145.0,570.0,55.0,,,,,,,,,,,
2237,17.0,389.0,,,,,,,,,,,,,
2238,224.0,367.0,2836.0,,,,,,,,,,,,
2239,357.0,2837.0,71.0,27.0,2838.0,,,,,,,,,,
2240,12.0,89.0,36.0,59.0,27.0,2839.0,90.0,,,,,,,,
2241,2840.0,24.0,,,,,,,,,,,,,
2242,377.0,35.0,,,,,,,,,,,,,
2243,9.0,2841.0,,,,,,,,,,,,,
2244,2.0,10.0,121.0,16.0,260.0,68.0,,,,,,,,,
2245,10.0,9.0,21.0,,,,,,,,,,,,
2246,2842.0,43.0,,,,,,,,,,,,,
2247,35.0,9.0,418.0,132.0,,,,,,,,,,,
2248,86.0,1.0,40.0,2843.0,,,,,,,,,,,
2249,2.0,194.0,895.0,37.0,,,,,,,,,,,
2250,2.0,2844.0,2845.0,955.0,,,,,,,,,,,
2251,2.0,127.0,37.0,72.0,1.0,,,,,,,,,,
2252,15.0,2846.0,,,,,,,,,,,,,
2253,2847.0,2848.0,15.0,353.0,37.0,,,,,,,,,,
2254,7.0,2849.0,2850.0,786.0,62.0,,,,,,,,,,
2255,288.0,62.0,2851.0,2852.0,,,,,,,,,,,
2256,21.0,125.0,2853.0,,,,,,,,,,,,
2257,2854.0,517.0,25.0,,,,,,,,,,,,
2258,2855.0,1109.0,,,,,,,,,,,,,
2259,63.0,5.0,49.0,2856.0,,,,,,,,,,,
2260,169.0,1061.0,,,,,,,,,,,,,
2261,2857.0,2858.0,,,,,,,,,,,,,
2262,2859.0,2860.0,2861.0,,,,,,,,,,,,
2263,346.0,2862.0,5.0,448.0,,,,,,,,,,,
2264,2863.0,755.0,1110.0,2864.0,,,,,,,,,,,
2265,2865.0,2866.0,297.0,251.0,89.0,,,,,,,,,,
2266,2867.0,2868.0,81.0,469.0,,,,,,,,,,,
2267,2869.0,731.0,2870.0,,,,,,,,,,,,
2268,2871.0,15.0,777.0,,,,,,,,,,,,
2269,2872.0,2873.0,456.0,2874.0,915.0,,,,,,,,,,
2270,2875.0,673.0,673.0,,,,,,,,,,,,
2271,148.0,1109.0,,,,,,,,,,,,,
2272,2.0,26.0,661.0,2876.0,,,,,,,,,,,
2273,2877.0,673.0,2878.0,2879.0,62.0,,,,,,,,,,
2274,39.0,2880.0,2881.0,,,,,,,,,,,,
2275,2882.0,255.0,40.0,2883.0,,,,,,,,,,,
2276,2884.0,12.0,2885.0,2886.0,2887.0,,,,,,,,,,
2277,2888.0,2889.0,36.0,1111.0,10.0,2890.0,8.0,71.0,,,,,,,
2278,15.0,2891.0,2.0,2892.0,,,,,,,,,,,
2279,2893.0,123.0,105.0,2894.0,149.0,39.0,1112.0,,,,,,,,
2280,51.0,2895.0,2896.0,2897.0,,,,,,,,,,,
2281,2.0,1113.0,624.0,2898.0,2899.0,,,,,,,,,,
2282,2900.0,2901.0,183.0,8.0,2902.0,8.0,,,,,,,,,
2283,2903.0,279.0,15.0,2904.0,,,,,,,,,,,
2284,2905.0,2906.0,399.0,2907.0,474.0,,,,,,,,,,
2285,2908.0,667.0,215.0,4.0,,,,,,,,,,,
2286,7.0,470.0,40.0,78.0,19.0,674.0,,,,,,,,,
2287,2.0,3.0,122.0,125.0,2909.0,,,,,,,,,,
2288,914.0,401.0,21.0,2910.0,,,,,,,,,,,
2289,2911.0,2912.0,2913.0,,,,,,,,,,,,
2290,2914.0,966.0,2915.0,8.0,2.0,2916.0,1114.0,,,,,,,,
2291,2917.0,2918.0,2.0,2919.0,2920.0,1114.0,,,,,,,,,
2292,259.0,1.0,2921.0,450.0,,,,,,,,,,,
2293,433.0,12.0,6.0,63.0,,,,,,,,,,,
2294,2922.0,358.0,,,,,,,,,,,,,
2295,2923.0,28.0,866.0,,,,,,,,,,,,
2296,10.0,2924.0,446.0,2925.0,,,,,,,,,,,
2297,420.0,2.0,2926.0,89.0,210.0,,,,,,,,,,
2298,2927.0,13.0,2928.0,288.0,,,,,,,,,,,
2299,15.0,2929.0,2930.0,,,,,,,,,,,,
2300,20.0,734.0,2931.0,2932.0,,,,,,,,,,,
2301,1115.0,280.0,2933.0,674.0,719.0,13.0,30.0,,,,,,,,
2302,24.0,79.0,2934.0,1078.0,,,,,,,,,,,
2303,2935.0,465.0,2936.0,2937.0,2938.0,,,,,,,,,,
2304,2939.0,557.0,,,,,,,,,,,,,
2305,2940.0,674.0,,,,,,,,,,,,,
2306,11.0,108.0,2941.0,2942.0,,,,,,,,,,,
2307,39.0,2943.0,29.0,111.0,92.0,38.0,936.0,,,,,,,,
2308,2.0,1089.0,2944.0,,,,,,,,,,,,
2309,242.0,2945.0,2946.0,,,,,,,,,,,,
2310,2947.0,47.0,7.0,133.0,38.0,,,,,,,,,,
2311,2948.0,2949.0,2950.0,2951.0,657.0,,,,,,,,,,
2312,29.0,1085.0,2952.0,2953.0,,,,,,,,,,,
2313,5.0,2954.0,2955.0,1.0,629.0,2956.0,,,,,,,,,
2314,46.0,2.0,12.0,2957.0,,,,,,,,,,,
2315,470.0,2958.0,710.0,2959.0,,,,,,,,,,,
2316,6.0,47.0,2960.0,2961.0,77.0,,,,,,,,,,
2317,67.0,2962.0,2963.0,49.0,2964.0,,,,,,,,,,
2318,142.0,2965.0,,,,,,,,,,,,,
2319,57.0,2966.0,2967.0,,,,,,,,,,,,
2320,215.0,43.0,223.0,2968.0,,,,,,,,,,,
2321,2969.0,234.0,1116.0,,,,,,,,,,,,
2322,2970.0,1116.0,,,,,,,,,,,,,
2323,662.0,2971.0,4.0,2972.0,,,,,,,,,,,
2324,2973.0,2974.0,822.0,320.0,,,,,,,,,,,
2325,43.0,223.0,2975.0,2976.0,,,,,,,,,,,
2326,1046.0,321.0,2.0,234.0,,,,,,,,,,,
2327,271.0,8.0,41.0,2977.0,405.0,,,,,,,,,,
2328,203.0,439.0,2978.0,439.0,2979.0,255.0,,,,,,,,,
2329,45.0,2980.0,2981.0,817.0,,,,,,,,,,,
2330,353.0,244.0,2982.0,336.0,,,,,,,,,,,
2331,28.0,85.0,2983.0,2984.0,20.0,,,,,,,,,,
2332,92.0,1117.0,,,,,,,,,,,,,
2333,77.0,2985.0,985.0,92.0,2986.0,,,,,,,,,,
2334,13.0,1001.0,92.0,1117.0,,,,,,,,,,,
2335,523.0,2987.0,,,,,,,,,,,,,
2336,2988.0,2989.0,2990.0,,,,,,,,,,,,
2337,39.0,2991.0,2992.0,2993.0,,,,,,,,,,,
2338,2994.0,2995.0,1087.0,,,,,,,,,,,,
2339,2996.0,2997.0,,,,,,,,,,,,,
2340,217.0,1080.0,2998.0,,,,,,,,,,,,
2341,298.0,17.0,124.0,15.0,2999.0,47.0,,,,,,,,,
2342,3000.0,3001.0,38.0,,,,,,,,,,,,
2343,515.0,88.0,848.0,,,,,,,,,,,,
2344,1.0,647.0,25.0,3002.0,37.0,,,,,,,,,,
2345,69.0,47.0,3003.0,,,,,,,,,,,,
2346,65.0,1.0,1118.0,,,,,,,,,,,,
2347,782.0,24.0,1119.0,,,,,,,,,,,,
2348,1.0,3004.0,274.0,,,,,,,,,,,,
2349,3005.0,450.0,239.0,,,,,,,,,,,,
2350,197.0,4.0,61.0,49.0,68.0,,,,,,,,,,
2351,891.0,3006.0,21.0,,,,,,,,,,,,
2352,16.0,3007.0,87.0,,,,,,,,,,,,
2353,75.0,164.0,302.0,,,,,,,,,,,,
2354,292.0,925.0,6.0,1113.0,,,,,,,,,,,
2355,171.0,239.0,119.0,42.0,,,,,,,,,,,
2356,81.0,61.0,31.0,,,,,,,,,,,,
2357,298.0,70.0,44.0,3008.0,,,,,,,,,,,
2358,3.0,3009.0,38.0,,,,,,,,,,,,
2359,70.0,1.0,1118.0,,,,,,,,,,,,
2360,145.0,517.0,24.0,1119.0,,,,,,,,,,,
2361,1.0,3.0,3010.0,,,,,,,,,,,,
2362,3011.0,,,,,,,,,,,,,,
2363,197.0,70.0,164.0,49.0,68.0,,,,,,,,,,
2364,16.0,3012.0,,,,,,,,,,,,,
2365,75.0,61.0,302.0,,,,,,,,,,,,
2366,63.0,1053.0,68.0,,,,,,,,,,,,
2367,10.0,3013.0,1084.0,3014.0,,,,,,,,,,,
2368,2.0,52.0,219.0,,,,,,,,,,,,
2369,3015.0,130.0,3016.0,,,,,,,,,,,,
2370,92.0,10.0,3017.0,3018.0,,,,,,,,,,,
2371,1067.0,18.0,66.0,,,,,,,,,,,,
2372,250.0,369.0,304.0,,,,,,,,,,,,
2373,75.0,3019.0,,,,,,,,,,,,,
2374,207.0,1.0,3020.0,,,,,,,,,,,,
2375,142.0,61.0,23.0,2.0,23.0,,,,,,,,,,
2376,53.0,22.0,3021.0,,,,,,,,,,,,
2377,639.0,954.0,9.0,397.0,,,,,,,,,,,
2378,6.0,68.0,81.0,513.0,,,,,,,,,,,
2379,9.0,3022.0,233.0,,,,,,,,,,,,
2380,9.0,3023.0,1120.0,,,,,,,,,,,,
2381,119.0,3024.0,1120.0,,,,,,,,,,,,
2382,781.0,105.0,,,,,,,,,,,,,
2383,4.0,3025.0,,,,,,,,,,,,,
2384,141.0,3026.0,,,,,,,,,,,,,
2385,194.0,274.0,,,,,,,,,,,,,
2386,119.0,43.0,3027.0,,,,,,,,,,,,
2387,3028.0,1112.0,436.0,3029.0,3030.0,,,,,,,,,,
2388,36.0,3031.0,3032.0,10.0,3033.0,3034.0,,,,,,,,,
2389,3035.0,32.0,1110.0,167.0,6.0,3036.0,,,,,,,,,
2390,3037.0,1088.0,3038.0,,,,,,,,,,,,
2391,3039.0,,,,,,,,,,,,,,
2392,868.0,173.0,37.0,606.0,,,,,,,,,,,
2393,1069.0,3040.0,3041.0,,,,,,,,,,,,
2394,527.0,148.0,,,,,,,,,,,,,
2395,81.0,513.0,3.0,221.0,221.0,,,,,,,,,,
2396,311.0,17.0,137.0,137.0,,,,,,,,,,,
2397,66.0,43.0,1.0,201.0,,,,,,,,,,,
2398,2.0,118.0,,,,,,,,,,,,,
2399,85.0,6.0,44.0,3042.0,,,,,,,,,,,
2400,286.0,286.0,,,,,,,,,,,,,
2401,443.0,4.0,6.0,3043.0,,,,,,,,,,,
2402,3044.0,176.0,3045.0,,,,,,,,,,,,
2403,48.0,3046.0,,,,,,,,,,,,,
2404,4.0,1044.0,3047.0,,,,,,,,,,,,
2405,4.0,1.0,137.0,,,,,,,,,,,,
2406,3.0,1013.0,221.0,,,,,,,,,,,,
2407,85.0,6.0,48.0,286.0,286.0,,,,,,,,,,
2408,3048.0,15.0,2.0,3049.0,2.0,649.0,15.0,,,,,,,,
2409,3050.0,3051.0,3052.0,765.0,,,,,,,,,,,
2410,3053.0,3054.0,3055.0,3056.0,3057.0,,,,,,,,,,
2411,3058.0,983.0,3059.0,347.0,3060.0,1070.0,614.0,,,,,,,,
2412,3061.0,1121.0,43.0,3062.0,562.0,3063.0,40.0,3064.0,3065.0,,,,,,
2413,3066.0,10.0,3067.0,476.0,3068.0,161.0,1122.0,1122.0,,,,,,,
2414,3069.0,3070.0,306.0,913.0,727.0,3071.0,218.0,3072.0,,,,,,,
2415,3073.0,675.0,3074.0,378.0,128.0,,,,,,,,,,
2416,3075.0,3076.0,7.0,172.0,,,,,,,,,,,
2417,34.0,6.0,3077.0,293.0,293.0,293.0,,,,,,,,,
2418,161.0,293.0,293.0,293.0,,,,,,,,,,,
2419,3078.0,1123.0,1123.0,3079.0,1124.0,1125.0,,,,,,,,,
2420,414.0,169.0,3080.0,1124.0,1125.0,,,,,,,,,,
2421,35.0,40.0,3081.0,675.0,,,,,,,,,,,
2422,106.0,15.0,608.0,3082.0,3083.0,,,,,,,,,,
2423,3084.0,37.0,3085.0,1126.0,1126.0,,,,,,,,,,
2424,6.0,44.0,1026.0,93.0,3086.0,92.0,6.0,,,,,,,,
2425,3087.0,1121.0,3088.0,3089.0,174.0,3090.0,,,,,,,,,
2426,3091.0,3092.0,8.0,347.0,2.0,1111.0,,,,,,,,,
2427,3093.0,109.0,38.0,,,,,,,,,,,,
2428,171.0,723.0,3094.0,297.0,,,,,,,,,,,
2429,675.0,1127.0,3095.0,,,,,,,,,,,,
2430,776.0,5.0,524.0,5.0,268.0,50.0,,,,,,,,,
2431,161.0,3096.0,1127.0,,,,,,,,,,,,
2432,592.0,1115.0,3097.0,161.0,3098.0,,,,,,,,,,
2433,23.0,21.0,3099.0,608.0,19.0,3100.0,8.0,,,,,,,,
2434,3101.0,174.0,,,,,,,,,,,,,
2435,626.0,3102.0,6.0,,,,,,,,,,,,
2436,2.0,288.0,127.0,105.0,3103.0,,,,,,,,,,
2437,3104.0,3105.0,202.0,357.0,5.0,,,,,,,,,,
2438,15.0,3106.0,3107.0,10.0,,,,,,,,,,,
2439,24.0,3108.0,98.0,75.0,3.0,294.0,,,,,,,,,
2440,125.0,464.0,3109.0,3110.0,3111.0,7.0,,,,,,,,,
2441,39.0,1095.0,17.0,466.0,672.0,1049.0,6.0,,,,,,,,
2442,532.0,294.0,29.0,3112.0,3113.0,,,,,,,,,,
2443,4.0,45.0,364.0,1057.0,921.0,,,,,,,,,,
2444,3114.0,3115.0,21.0,3116.0,5.0,79.0,,,,,,,,,
2445,1065.0,251.0,3117.0,668.0,251.0,721.0,,,,,,,,,
2446,242.0,670.0,278.0,4.0,1092.0,,,,,,,,,,
2447,41.0,27.0,3118.0,61.0,219.0,,,,,,,,,,
2448,633.0,3119.0,257.0,1047.0,,,,,,,,,,,
2449,225.0,108.0,612.0,3120.0,3121.0,,,,,,,,,,
2450,132.0,91.0,,,,,,,,,,,,,
2451,409.0,64.0,3122.0,3123.0,292.0,990.0,,,,,,,,,
2452,220.0,55.0,60.0,42.0,82.0,470.0,1.0,3124.0,,,,,,,
2453,7.0,81.0,3125.0,8.0,39.0,457.0,,,,,,,,,
2454,10.0,3126.0,1058.0,130.0,830.0,111.0,,,,,,,,,
2455,3127.0,1128.0,3128.0,120.0,,,,,,,,,,,
2456,1.0,47.0,3129.0,38.0,,,,,,,,,,,
2457,45.0,3130.0,410.0,16.0,236.0,,,,,,,,,,
2458,1.0,3131.0,3132.0,3133.0,392.0,,,,,,,,,,
2459,44.0,1072.0,3134.0,3135.0,,,,,,,,,,,
2460,7.0,3136.0,3137.0,3138.0,1012.0,,,,,,,,,,
2461,3139.0,169.0,141.0,892.0,3140.0,,,,,,,,,,
2462,15.0,1.0,263.0,54.0,211.0,92.0,825.0,211.0,,,,,,,
2463,3141.0,992.0,3142.0,3143.0,258.0,42.0,,,,,,,,,
2464,1.0,268.0,16.0,9.0,3144.0,,,,,,,,,,
2465,829.0,123.0,292.0,10.0,247.0,,,,,,,,,,
2466,3145.0,3146.0,,,,,,,,,,,,,
2467,574.0,9.0,3147.0,38.0,107.0,58.0,205.0,,,,,,,,
2468,9.0,76.0,304.0,208.0,3148.0,,,,,,,,,,
2469,516.0,4.0,432.0,3149.0,15.0,4.0,432.0,,,,,,,,
2470,9.0,36.0,,,,,,,,,,,,,
2471,3150.0,55.0,3151.0,,,,,,,,,,,,
2472,2.0,3152.0,,,,,,,,,,,,,
2473,409.0,64.0,1128.0,3153.0,,,,,,,,,,,
2474,4.0,67.0,317.0,238.0,219.0,,,,,,,,,,
2475,3154.0,414.0,329.0,95.0,,,,,,,,,,,
2476,567.0,707.0,97.0,,,,,,,,,,,,
2477,791.0,3155.0,11.0,67.0,141.0,618.0,,,,,,,,,
2478,2.0,56.0,9.0,418.0,429.0,222.0,,,,,,,,,
2479,39.0,66.0,580.0,,,,,,,,,,,,
2480,4.0,1045.0,317.0,238.0,219.0,,,,,,,,,,
2481,3156.0,742.0,315.0,3157.0,,,,,,,,,,,
2482,567.0,570.0,97.0,,,,,,,,,,,,
2483,86.0,11.0,251.0,3158.0,821.0,,,,,,,,,,
2484,11.0,334.0,9.0,418.0,429.0,222.0,,,,,,,,,
2485,4.0,356.0,238.0,2.0,145.0,,,,,,,,,,
2486,154.0,146.0,67.0,,,,,,,,,,,,
2487,12.0,3159.0,,,,,,,,,,,,,
2488,1041.0,314.0,394.0,,,,,,,,,,,,
2489,2.0,3160.0,22.0,659.0,4.0,3.0,,,,,,,,,
2490,1.0,,,,,,,,,,,,,,
